case,class_id,final_correct,policy_correct,seed,split,strategy,support
cifar10,0,225,225,54,source_F,S,250
cifar10,1,237,237,54,source_F,S,250
cifar10,2,214,214,54,source_F,S,250
cifar10,3,186,186,54,source_F,S,250
cifar10,4,214,214,54,source_F,S,250
cifar10,5,197,197,54,source_F,S,250
cifar10,6,227,227,54,source_F,S,250
cifar10,7,225,225,54,source_F,S,250
cifar10,8,230,230,54,source_F,S,250
cifar10,9,233,233,54,source_F,S,250
cifar10,0,218,218,55,source_F,S,250
cifar10,1,240,240,55,source_F,S,250
cifar10,2,209,209,55,source_F,S,250
cifar10,3,180,180,55,source_F,S,250
cifar10,4,215,215,55,source_F,S,250
cifar10,5,201,201,55,source_F,S,250
cifar10,6,237,237,55,source_F,S,250
cifar10,7,221,221,55,source_F,S,250
cifar10,8,230,230,55,source_F,S,250
cifar10,9,230,230,55,source_F,S,250
cifar10,0,217,217,56,source_F,S,250
cifar10,1,237,237,56,source_F,S,250
cifar10,2,210,210,56,source_F,S,250
cifar10,3,188,188,56,source_F,S,250
cifar10,4,214,214,56,source_F,S,250
cifar10,5,198,198,56,source_F,S,250
cifar10,6,230,230,56,source_F,S,250
cifar10,7,227,227,56,source_F,S,250
cifar10,8,229,229,56,source_F,S,250
cifar10,9,240,240,56,source_F,S,250
cifar10,0,223,223,57,target_E,S,250
cifar10,1,229,229,57,target_E,S,250
cifar10,2,202,202,57,target_E,S,250
cifar10,3,190,190,57,target_E,S,250
cifar10,4,218,218,57,target_E,S,250
cifar10,5,202,202,57,target_E,S,250
cifar10,6,229,229,57,target_E,S,250
cifar10,7,222,222,57,target_E,S,250
cifar10,8,228,228,57,target_E,S,250
cifar10,9,231,231,57,target_E,S,250
cifar10,0,226,226,58,target_E,S,250
cifar10,1,230,230,58,target_E,S,250
cifar10,2,187,187,58,target_E,S,250
cifar10,3,203,203,58,target_E,S,250
cifar10,4,213,213,58,target_E,S,250
cifar10,5,199,199,58,target_E,S,250
cifar10,6,233,233,58,target_E,S,250
cifar10,7,218,218,58,target_E,S,250
cifar10,8,229,229,58,target_E,S,250
cifar10,9,231,231,58,target_E,S,250
cifar10,0,225,225,59,target_E,S,250
cifar10,1,227,227,59,target_E,S,250
cifar10,2,202,202,59,target_E,S,250
cifar10,3,193,193,59,target_E,S,250
cifar10,4,205,205,59,target_E,S,250
cifar10,5,196,196,59,target_E,S,250
cifar10,6,223,223,59,target_E,S,250
cifar10,7,226,226,59,target_E,S,250
cifar10,8,225,225,59,target_E,S,250
cifar10,9,236,236,59,target_E,S,250
cifar10,0,225,225,54,source_F,I,250
cifar10,1,237,237,54,source_F,I,250
cifar10,2,214,214,54,source_F,I,250
cifar10,3,186,186,54,source_F,I,250
cifar10,4,214,214,54,source_F,I,250
cifar10,5,197,197,54,source_F,I,250
cifar10,6,227,227,54,source_F,I,250
cifar10,7,225,225,54,source_F,I,250
cifar10,8,230,230,54,source_F,I,250
cifar10,9,233,233,54,source_F,I,250
cifar10,0,218,218,55,source_F,I,250
cifar10,1,240,240,55,source_F,I,250
cifar10,2,209,209,55,source_F,I,250
cifar10,3,180,180,55,source_F,I,250
cifar10,4,215,215,55,source_F,I,250
cifar10,5,201,201,55,source_F,I,250
cifar10,6,237,237,55,source_F,I,250
cifar10,7,221,221,55,source_F,I,250
cifar10,8,230,230,55,source_F,I,250
cifar10,9,230,230,55,source_F,I,250
cifar10,0,217,219,56,source_F,I,250
cifar10,1,237,237,56,source_F,I,250
cifar10,2,210,210,56,source_F,I,250
cifar10,3,188,188,56,source_F,I,250
cifar10,4,214,215,56,source_F,I,250
cifar10,5,198,198,56,source_F,I,250
cifar10,6,230,230,56,source_F,I,250
cifar10,7,227,227,56,source_F,I,250
cifar10,8,229,229,56,source_F,I,250
cifar10,9,240,240,56,source_F,I,250
cifar10,0,223,222,57,target_E,I,250
cifar10,1,229,229,57,target_E,I,250
cifar10,2,202,196,57,target_E,I,250
cifar10,3,190,188,57,target_E,I,250
cifar10,4,218,222,57,target_E,I,250
cifar10,5,202,209,57,target_E,I,250
cifar10,6,229,227,57,target_E,I,250
cifar10,7,222,220,57,target_E,I,250
cifar10,8,228,230,57,target_E,I,250
cifar10,9,231,234,57,target_E,I,250
cifar10,0,226,226,58,target_E,I,250
cifar10,1,230,230,58,target_E,I,250
cifar10,2,187,187,58,target_E,I,250
cifar10,3,203,203,58,target_E,I,250
cifar10,4,213,213,58,target_E,I,250
cifar10,5,199,199,58,target_E,I,250
cifar10,6,233,233,58,target_E,I,250
cifar10,7,218,218,58,target_E,I,250
cifar10,8,229,229,58,target_E,I,250
cifar10,9,231,231,58,target_E,I,250
cifar10,0,225,225,59,target_E,I,250
cifar10,1,227,227,59,target_E,I,250
cifar10,2,202,202,59,target_E,I,250
cifar10,3,193,193,59,target_E,I,250
cifar10,4,205,205,59,target_E,I,250
cifar10,5,196,196,59,target_E,I,250
cifar10,6,223,223,59,target_E,I,250
cifar10,7,226,226,59,target_E,I,250
cifar10,8,225,224,59,target_E,I,250
cifar10,9,236,236,59,target_E,I,250
cifar10,0,225,225,54,source_F,A,250
cifar10,1,237,237,54,source_F,A,250
cifar10,2,214,214,54,source_F,A,250
cifar10,3,186,186,54,source_F,A,250
cifar10,4,214,214,54,source_F,A,250
cifar10,5,197,197,54,source_F,A,250
cifar10,6,227,227,54,source_F,A,250
cifar10,7,225,225,54,source_F,A,250
cifar10,8,230,230,54,source_F,A,250
cifar10,9,233,233,54,source_F,A,250
cifar10,0,218,218,55,source_F,A,250
cifar10,1,240,240,55,source_F,A,250
cifar10,2,209,209,55,source_F,A,250
cifar10,3,180,180,55,source_F,A,250
cifar10,4,215,215,55,source_F,A,250
cifar10,5,201,201,55,source_F,A,250
cifar10,6,237,237,55,source_F,A,250
cifar10,7,221,221,55,source_F,A,250
cifar10,8,230,230,55,source_F,A,250
cifar10,9,230,230,55,source_F,A,250
cifar10,0,217,217,56,source_F,A,250
cifar10,1,237,237,56,source_F,A,250
cifar10,2,210,210,56,source_F,A,250
cifar10,3,188,188,56,source_F,A,250
cifar10,4,214,214,56,source_F,A,250
cifar10,5,198,198,56,source_F,A,250
cifar10,6,230,230,56,source_F,A,250
cifar10,7,227,227,56,source_F,A,250
cifar10,8,229,229,56,source_F,A,250
cifar10,9,240,240,56,source_F,A,250
cifar10,0,223,223,57,target_E,A,250
cifar10,1,229,229,57,target_E,A,250
cifar10,2,202,202,57,target_E,A,250
cifar10,3,190,190,57,target_E,A,250
cifar10,4,218,218,57,target_E,A,250
cifar10,5,202,202,57,target_E,A,250
cifar10,6,229,229,57,target_E,A,250
cifar10,7,222,222,57,target_E,A,250
cifar10,8,228,228,57,target_E,A,250
cifar10,9,231,231,57,target_E,A,250
cifar10,0,226,226,58,target_E,A,250
cifar10,1,230,230,58,target_E,A,250
cifar10,2,187,187,58,target_E,A,250
cifar10,3,203,203,58,target_E,A,250
cifar10,4,213,213,58,target_E,A,250
cifar10,5,199,199,58,target_E,A,250
cifar10,6,233,233,58,target_E,A,250
cifar10,7,218,218,58,target_E,A,250
cifar10,8,229,229,58,target_E,A,250
cifar10,9,231,231,58,target_E,A,250
cifar10,0,225,225,59,target_E,A,250
cifar10,1,227,227,59,target_E,A,250
cifar10,2,202,202,59,target_E,A,250
cifar10,3,193,193,59,target_E,A,250
cifar10,4,205,205,59,target_E,A,250
cifar10,5,196,196,59,target_E,A,250
cifar10,6,223,223,59,target_E,A,250
cifar10,7,226,226,59,target_E,A,250
cifar10,8,225,225,59,target_E,A,250
cifar10,9,236,236,59,target_E,A,250
cifar10,0,225,222,54,source_F,C,250
cifar10,1,237,237,54,source_F,C,250
cifar10,2,214,214,54,source_F,C,250
cifar10,3,186,187,54,source_F,C,250
cifar10,4,214,214,54,source_F,C,250
cifar10,5,197,198,54,source_F,C,250
cifar10,6,227,227,54,source_F,C,250
cifar10,7,225,225,54,source_F,C,250
cifar10,8,230,231,54,source_F,C,250
cifar10,9,233,233,54,source_F,C,250
cifar10,0,218,218,55,source_F,C,250
cifar10,1,240,239,55,source_F,C,250
cifar10,2,209,208,55,source_F,C,250
cifar10,3,180,181,55,source_F,C,250
cifar10,4,215,217,55,source_F,C,250
cifar10,5,201,200,55,source_F,C,250
cifar10,6,237,238,55,source_F,C,250
cifar10,7,221,221,55,source_F,C,250
cifar10,8,230,229,55,source_F,C,250
cifar10,9,230,230,55,source_F,C,250
cifar10,0,217,219,56,source_F,C,250
cifar10,1,237,237,56,source_F,C,250
cifar10,2,210,211,56,source_F,C,250
cifar10,3,188,187,56,source_F,C,250
cifar10,4,214,215,56,source_F,C,250
cifar10,5,198,198,56,source_F,C,250
cifar10,6,230,230,56,source_F,C,250
cifar10,7,227,227,56,source_F,C,250
cifar10,8,229,228,56,source_F,C,250
cifar10,9,240,238,56,source_F,C,250
cifar10,0,223,222,57,target_E,C,250
cifar10,1,229,229,57,target_E,C,250
cifar10,2,202,202,57,target_E,C,250
cifar10,3,190,191,57,target_E,C,250
cifar10,4,218,218,57,target_E,C,250
cifar10,5,202,204,57,target_E,C,250
cifar10,6,229,228,57,target_E,C,250
cifar10,7,222,222,57,target_E,C,250
cifar10,8,228,228,57,target_E,C,250
cifar10,9,231,231,57,target_E,C,250
cifar10,0,226,226,58,target_E,C,250
cifar10,1,230,230,58,target_E,C,250
cifar10,2,187,193,58,target_E,C,250
cifar10,3,203,203,58,target_E,C,250
cifar10,4,213,213,58,target_E,C,250
cifar10,5,199,198,58,target_E,C,250
cifar10,6,233,231,58,target_E,C,250
cifar10,7,218,220,58,target_E,C,250
cifar10,8,229,229,58,target_E,C,250
cifar10,9,231,231,58,target_E,C,250
cifar10,0,225,224,59,target_E,C,250
cifar10,1,227,226,59,target_E,C,250
cifar10,2,202,201,59,target_E,C,250
cifar10,3,193,191,59,target_E,C,250
cifar10,4,205,206,59,target_E,C,250
cifar10,5,196,196,59,target_E,C,250
cifar10,6,223,224,59,target_E,C,250
cifar10,7,226,226,59,target_E,C,250
cifar10,8,225,225,59,target_E,C,250
cifar10,9,236,235,59,target_E,C,250
cifar100_strict,0,19,19,60,source_F,S,25
cifar100_strict,1,14,14,60,source_F,S,25
cifar100_strict,2,8,8,60,source_F,S,25
cifar100_strict,3,12,12,60,source_F,S,25
cifar100_strict,4,9,9,60,source_F,S,25
cifar100_strict,5,14,14,60,source_F,S,25
cifar100_strict,6,13,13,60,source_F,S,25
cifar100_strict,7,13,13,60,source_F,S,25
cifar100_strict,8,18,18,60,source_F,S,25
cifar100_strict,9,12,13,60,source_F,S,25
cifar100_strict,10,11,11,60,source_F,S,25
cifar100_strict,11,5,5,60,source_F,S,25
cifar100_strict,12,13,13,60,source_F,S,25
cifar100_strict,13,11,11,60,source_F,S,25
cifar100_strict,14,16,16,60,source_F,S,25
cifar100_strict,15,14,14,60,source_F,S,25
cifar100_strict,16,16,16,60,source_F,S,25
cifar100_strict,17,20,20,60,source_F,S,25
cifar100_strict,18,13,13,60,source_F,S,25
cifar100_strict,19,11,11,60,source_F,S,25
cifar100_strict,20,23,23,60,source_F,S,25
cifar100_strict,21,17,17,60,source_F,S,25
cifar100_strict,22,17,17,60,source_F,S,25
cifar100_strict,23,18,18,60,source_F,S,25
cifar100_strict,24,16,16,60,source_F,S,25
cifar100_strict,25,11,11,60,source_F,S,25
cifar100_strict,26,8,8,60,source_F,S,25
cifar100_strict,27,11,11,60,source_F,S,25
cifar100_strict,28,15,15,60,source_F,S,25
cifar100_strict,29,12,12,60,source_F,S,25
cifar100_strict,30,15,15,60,source_F,S,25
cifar100_strict,31,21,21,60,source_F,S,25
cifar100_strict,32,12,12,60,source_F,S,25
cifar100_strict,33,18,18,60,source_F,S,25
cifar100_strict,34,14,14,60,source_F,S,25
cifar100_strict,35,7,7,60,source_F,S,25
cifar100_strict,36,17,17,60,source_F,S,25
cifar100_strict,37,14,14,60,source_F,S,25
cifar100_strict,38,8,8,60,source_F,S,25
cifar100_strict,39,18,18,60,source_F,S,25
cifar100_strict,40,15,15,60,source_F,S,25
cifar100_strict,41,19,19,60,source_F,S,25
cifar100_strict,42,13,13,60,source_F,S,25
cifar100_strict,43,18,18,60,source_F,S,25
cifar100_strict,44,5,5,60,source_F,S,25
cifar100_strict,45,6,6,60,source_F,S,25
cifar100_strict,46,10,10,60,source_F,S,25
cifar100_strict,47,15,15,60,source_F,S,25
cifar100_strict,48,19,19,60,source_F,S,25
cifar100_strict,49,19,19,60,source_F,S,25
cifar100_strict,50,9,9,60,source_F,S,25
cifar100_strict,51,15,15,60,source_F,S,25
cifar100_strict,52,18,18,60,source_F,S,25
cifar100_strict,53,24,24,60,source_F,S,25
cifar100_strict,54,19,19,60,source_F,S,25
cifar100_strict,55,3,3,60,source_F,S,25
cifar100_strict,56,18,18,60,source_F,S,25
cifar100_strict,57,13,13,60,source_F,S,25
cifar100_strict,58,17,17,60,source_F,S,25
cifar100_strict,59,9,9,60,source_F,S,25
cifar100_strict,60,22,22,60,source_F,S,25
cifar100_strict,61,18,18,60,source_F,S,25
cifar100_strict,62,16,16,60,source_F,S,25
cifar100_strict,63,12,12,60,source_F,S,25
cifar100_strict,64,15,15,60,source_F,S,25
cifar100_strict,65,10,10,60,source_F,S,25
cifar100_strict,66,9,9,60,source_F,S,25
cifar100_strict,67,15,15,60,source_F,S,25
cifar100_strict,68,18,18,60,source_F,S,25
cifar100_strict,69,20,20,60,source_F,S,25
cifar100_strict,70,15,15,60,source_F,S,25
cifar100_strict,71,18,18,60,source_F,S,25
cifar100_strict,72,9,9,60,source_F,S,25
cifar100_strict,73,10,10,60,source_F,S,25
cifar100_strict,74,11,11,60,source_F,S,25
cifar100_strict,75,20,20,60,source_F,S,25
cifar100_strict,76,22,22,60,source_F,S,25
cifar100_strict,77,9,9,60,source_F,S,25
cifar100_strict,78,9,9,60,source_F,S,25
cifar100_strict,79,14,14,60,source_F,S,25
cifar100_strict,80,10,10,60,source_F,S,25
cifar100_strict,81,10,10,60,source_F,S,25
cifar100_strict,82,21,21,60,source_F,S,25
cifar100_strict,83,11,12,60,source_F,S,25
cifar100_strict,84,14,14,60,source_F,S,25
cifar100_strict,85,18,18,60,source_F,S,25
cifar100_strict,86,16,16,60,source_F,S,25
cifar100_strict,87,18,18,60,source_F,S,25
cifar100_strict,88,15,15,60,source_F,S,25
cifar100_strict,89,14,14,60,source_F,S,25
cifar100_strict,90,13,13,60,source_F,S,25
cifar100_strict,91,17,17,60,source_F,S,25
cifar100_strict,92,12,12,60,source_F,S,25
cifar100_strict,93,8,8,60,source_F,S,25
cifar100_strict,94,22,22,60,source_F,S,25
cifar100_strict,95,16,16,60,source_F,S,25
cifar100_strict,96,13,13,60,source_F,S,25
cifar100_strict,97,11,11,60,source_F,S,25
cifar100_strict,98,11,11,60,source_F,S,25
cifar100_strict,99,15,15,60,source_F,S,25
cifar100_strict,0,19,19,61,source_F,S,25
cifar100_strict,1,12,12,61,source_F,S,25
cifar100_strict,2,15,15,61,source_F,S,25
cifar100_strict,3,12,12,61,source_F,S,25
cifar100_strict,4,6,6,61,source_F,S,25
cifar100_strict,5,14,14,61,source_F,S,25
cifar100_strict,6,14,14,61,source_F,S,25
cifar100_strict,7,12,12,61,source_F,S,25
cifar100_strict,8,21,21,61,source_F,S,25
cifar100_strict,9,12,12,61,source_F,S,25
cifar100_strict,10,9,9,61,source_F,S,25
cifar100_strict,11,7,7,61,source_F,S,25
cifar100_strict,12,13,13,61,source_F,S,25
cifar100_strict,13,9,9,61,source_F,S,25
cifar100_strict,14,17,17,61,source_F,S,25
cifar100_strict,15,13,13,61,source_F,S,25
cifar100_strict,16,16,16,61,source_F,S,25
cifar100_strict,17,20,20,61,source_F,S,25
cifar100_strict,18,13,13,61,source_F,S,25
cifar100_strict,19,14,14,61,source_F,S,25
cifar100_strict,20,23,23,61,source_F,S,25
cifar100_strict,21,18,18,61,source_F,S,25
cifar100_strict,22,17,17,61,source_F,S,25
cifar100_strict,23,15,15,61,source_F,S,25
cifar100_strict,24,19,19,61,source_F,S,25
cifar100_strict,25,15,15,61,source_F,S,25
cifar100_strict,26,8,8,61,source_F,S,25
cifar100_strict,27,7,7,61,source_F,S,25
cifar100_strict,28,20,20,61,source_F,S,25
cifar100_strict,29,12,12,61,source_F,S,25
cifar100_strict,30,13,13,61,source_F,S,25
cifar100_strict,31,18,18,61,source_F,S,25
cifar100_strict,32,13,13,61,source_F,S,25
cifar100_strict,33,17,17,61,source_F,S,25
cifar100_strict,34,13,13,61,source_F,S,25
cifar100_strict,35,8,8,61,source_F,S,25
cifar100_strict,36,18,18,61,source_F,S,25
cifar100_strict,37,11,11,61,source_F,S,25
cifar100_strict,38,8,8,61,source_F,S,25
cifar100_strict,39,18,18,61,source_F,S,25
cifar100_strict,40,16,16,61,source_F,S,25
cifar100_strict,41,20,20,61,source_F,S,25
cifar100_strict,42,15,15,61,source_F,S,25
cifar100_strict,43,19,19,61,source_F,S,25
cifar100_strict,44,7,7,61,source_F,S,25
cifar100_strict,45,7,7,61,source_F,S,25
cifar100_strict,46,10,10,61,source_F,S,25
cifar100_strict,47,18,18,61,source_F,S,25
cifar100_strict,48,19,19,61,source_F,S,25
cifar100_strict,49,21,21,61,source_F,S,25
cifar100_strict,50,7,7,61,source_F,S,25
cifar100_strict,51,9,10,61,source_F,S,25
cifar100_strict,52,18,18,61,source_F,S,25
cifar100_strict,53,22,22,61,source_F,S,25
cifar100_strict,54,17,17,61,source_F,S,25
cifar100_strict,55,3,3,61,source_F,S,25
cifar100_strict,56,20,20,61,source_F,S,25
cifar100_strict,57,11,11,61,source_F,S,25
cifar100_strict,58,20,20,61,source_F,S,25
cifar100_strict,59,12,12,61,source_F,S,25
cifar100_strict,60,21,21,61,source_F,S,25
cifar100_strict,61,19,19,61,source_F,S,25
cifar100_strict,62,15,15,61,source_F,S,25
cifar100_strict,63,13,13,61,source_F,S,25
cifar100_strict,64,13,13,61,source_F,S,25
cifar100_strict,65,8,8,61,source_F,S,25
cifar100_strict,66,9,9,61,source_F,S,25
cifar100_strict,67,16,16,61,source_F,S,25
cifar100_strict,68,18,18,61,source_F,S,25
cifar100_strict,69,19,19,61,source_F,S,25
cifar100_strict,70,18,18,61,source_F,S,25
cifar100_strict,71,15,15,61,source_F,S,25
cifar100_strict,72,6,6,61,source_F,S,25
cifar100_strict,73,7,7,61,source_F,S,25
cifar100_strict,74,11,11,61,source_F,S,25
cifar100_strict,75,20,20,61,source_F,S,25
cifar100_strict,76,18,18,61,source_F,S,25
cifar100_strict,77,10,10,61,source_F,S,25
cifar100_strict,78,8,8,61,source_F,S,25
cifar100_strict,79,12,12,61,source_F,S,25
cifar100_strict,80,8,8,61,source_F,S,25
cifar100_strict,81,13,13,61,source_F,S,25
cifar100_strict,82,22,22,61,source_F,S,25
cifar100_strict,83,16,16,61,source_F,S,25
cifar100_strict,84,13,13,61,source_F,S,25
cifar100_strict,85,17,17,61,source_F,S,25
cifar100_strict,86,16,16,61,source_F,S,25
cifar100_strict,87,14,14,61,source_F,S,25
cifar100_strict,88,12,12,61,source_F,S,25
cifar100_strict,89,10,10,61,source_F,S,25
cifar100_strict,90,12,12,61,source_F,S,25
cifar100_strict,91,15,15,61,source_F,S,25
cifar100_strict,92,8,8,61,source_F,S,25
cifar100_strict,93,10,10,61,source_F,S,25
cifar100_strict,94,22,22,61,source_F,S,25
cifar100_strict,95,14,14,61,source_F,S,25
cifar100_strict,96,13,13,61,source_F,S,25
cifar100_strict,97,12,12,61,source_F,S,25
cifar100_strict,98,10,10,61,source_F,S,25
cifar100_strict,99,13,13,61,source_F,S,25
cifar100_strict,0,19,19,62,source_F,S,25
cifar100_strict,1,17,17,62,source_F,S,25
cifar100_strict,2,9,9,62,source_F,S,25
cifar100_strict,3,10,10,62,source_F,S,25
cifar100_strict,4,6,6,62,source_F,S,25
cifar100_strict,5,12,12,62,source_F,S,25
cifar100_strict,6,10,10,62,source_F,S,25
cifar100_strict,7,12,12,62,source_F,S,25
cifar100_strict,8,20,20,62,source_F,S,25
cifar100_strict,9,15,15,62,source_F,S,25
cifar100_strict,10,11,11,62,source_F,S,25
cifar100_strict,11,5,5,62,source_F,S,25
cifar100_strict,12,13,13,62,source_F,S,25
cifar100_strict,13,10,10,62,source_F,S,25
cifar100_strict,14,11,11,62,source_F,S,25
cifar100_strict,15,13,13,62,source_F,S,25
cifar100_strict,16,14,14,62,source_F,S,25
cifar100_strict,17,18,18,62,source_F,S,25
cifar100_strict,18,14,14,62,source_F,S,25
cifar100_strict,19,13,13,62,source_F,S,25
cifar100_strict,20,20,20,62,source_F,S,25
cifar100_strict,21,17,17,62,source_F,S,25
cifar100_strict,22,17,17,62,source_F,S,25
cifar100_strict,23,17,17,62,source_F,S,25
cifar100_strict,24,16,16,62,source_F,S,25
cifar100_strict,25,14,14,62,source_F,S,25
cifar100_strict,26,11,11,62,source_F,S,25
cifar100_strict,27,10,10,62,source_F,S,25
cifar100_strict,28,19,19,62,source_F,S,25
cifar100_strict,29,13,13,62,source_F,S,25
cifar100_strict,30,16,16,62,source_F,S,25
cifar100_strict,31,16,16,62,source_F,S,25
cifar100_strict,32,8,8,62,source_F,S,25
cifar100_strict,33,14,14,62,source_F,S,25
cifar100_strict,34,12,12,62,source_F,S,25
cifar100_strict,35,7,7,62,source_F,S,25
cifar100_strict,36,16,16,62,source_F,S,25
cifar100_strict,37,13,13,62,source_F,S,25
cifar100_strict,38,11,11,62,source_F,S,25
cifar100_strict,39,17,17,62,source_F,S,25
cifar100_strict,40,17,17,62,source_F,S,25
cifar100_strict,41,21,21,62,source_F,S,25
cifar100_strict,42,14,14,62,source_F,S,25
cifar100_strict,43,16,16,62,source_F,S,25
cifar100_strict,44,8,8,62,source_F,S,25
cifar100_strict,45,7,7,62,source_F,S,25
cifar100_strict,46,5,5,62,source_F,S,25
cifar100_strict,47,15,15,62,source_F,S,25
cifar100_strict,48,18,18,62,source_F,S,25
cifar100_strict,49,17,18,62,source_F,S,25
cifar100_strict,50,7,7,62,source_F,S,25
cifar100_strict,51,13,13,62,source_F,S,25
cifar100_strict,52,20,20,62,source_F,S,25
cifar100_strict,53,19,19,62,source_F,S,25
cifar100_strict,54,17,17,62,source_F,S,25
cifar100_strict,55,6,6,62,source_F,S,25
cifar100_strict,56,19,19,62,source_F,S,25
cifar100_strict,57,13,13,62,source_F,S,25
cifar100_strict,58,18,18,62,source_F,S,25
cifar100_strict,59,15,15,62,source_F,S,25
cifar100_strict,60,22,22,62,source_F,S,25
cifar100_strict,61,14,14,62,source_F,S,25
cifar100_strict,62,17,17,62,source_F,S,25
cifar100_strict,63,12,12,62,source_F,S,25
cifar100_strict,64,10,10,62,source_F,S,25
cifar100_strict,65,13,13,62,source_F,S,25
cifar100_strict,66,11,11,62,source_F,S,25
cifar100_strict,67,13,13,62,source_F,S,25
cifar100_strict,68,20,20,62,source_F,S,25
cifar100_strict,69,20,20,62,source_F,S,25
cifar100_strict,70,15,15,62,source_F,S,25
cifar100_strict,71,16,16,62,source_F,S,25
cifar100_strict,72,6,6,62,source_F,S,25
cifar100_strict,73,12,12,62,source_F,S,25
cifar100_strict,74,12,12,62,source_F,S,25
cifar100_strict,75,16,16,62,source_F,S,25
cifar100_strict,76,21,21,62,source_F,S,25
cifar100_strict,77,14,14,62,source_F,S,25
cifar100_strict,78,8,8,62,source_F,S,25
cifar100_strict,79,11,11,62,source_F,S,25
cifar100_strict,80,13,13,62,source_F,S,25
cifar100_strict,81,11,11,62,source_F,S,25
cifar100_strict,82,22,22,62,source_F,S,25
cifar100_strict,83,13,13,62,source_F,S,25
cifar100_strict,84,15,15,62,source_F,S,25
cifar100_strict,85,19,19,62,source_F,S,25
cifar100_strict,86,20,20,62,source_F,S,25
cifar100_strict,87,14,14,62,source_F,S,25
cifar100_strict,88,15,15,62,source_F,S,25
cifar100_strict,89,17,17,62,source_F,S,25
cifar100_strict,90,15,15,62,source_F,S,25
cifar100_strict,91,15,15,62,source_F,S,25
cifar100_strict,92,10,10,62,source_F,S,25
cifar100_strict,93,8,8,62,source_F,S,25
cifar100_strict,94,20,20,62,source_F,S,25
cifar100_strict,95,12,12,62,source_F,S,25
cifar100_strict,96,13,13,62,source_F,S,25
cifar100_strict,97,14,14,62,source_F,S,25
cifar100_strict,98,14,14,62,source_F,S,25
cifar100_strict,99,14,14,62,source_F,S,25
cifar100_strict,0,17,17,63,target_E,S,25
cifar100_strict,1,17,17,63,target_E,S,25
cifar100_strict,2,7,7,63,target_E,S,25
cifar100_strict,3,7,7,63,target_E,S,25
cifar100_strict,4,8,8,63,target_E,S,25
cifar100_strict,5,14,14,63,target_E,S,25
cifar100_strict,6,15,15,63,target_E,S,25
cifar100_strict,7,14,14,63,target_E,S,25
cifar100_strict,8,16,16,63,target_E,S,25
cifar100_strict,9,17,17,63,target_E,S,25
cifar100_strict,10,10,10,63,target_E,S,25
cifar100_strict,11,7,7,63,target_E,S,25
cifar100_strict,12,13,13,63,target_E,S,25
cifar100_strict,13,11,11,63,target_E,S,25
cifar100_strict,14,15,15,63,target_E,S,25
cifar100_strict,15,12,12,63,target_E,S,25
cifar100_strict,16,17,17,63,target_E,S,25
cifar100_strict,17,17,17,63,target_E,S,25
cifar100_strict,18,14,14,63,target_E,S,25
cifar100_strict,19,9,9,63,target_E,S,25
cifar100_strict,20,21,21,63,target_E,S,25
cifar100_strict,21,12,12,63,target_E,S,25
cifar100_strict,22,11,11,63,target_E,S,25
cifar100_strict,23,23,23,63,target_E,S,25
cifar100_strict,24,18,18,63,target_E,S,25
cifar100_strict,25,7,7,63,target_E,S,25
cifar100_strict,26,13,13,63,target_E,S,25
cifar100_strict,27,12,12,63,target_E,S,25
cifar100_strict,28,18,18,63,target_E,S,25
cifar100_strict,29,14,14,63,target_E,S,25
cifar100_strict,30,11,11,63,target_E,S,25
cifar100_strict,31,17,17,63,target_E,S,25
cifar100_strict,32,15,15,63,target_E,S,25
cifar100_strict,33,13,13,63,target_E,S,25
cifar100_strict,34,18,18,63,target_E,S,25
cifar100_strict,35,7,7,63,target_E,S,25
cifar100_strict,36,14,14,63,target_E,S,25
cifar100_strict,37,9,9,63,target_E,S,25
cifar100_strict,38,11,11,63,target_E,S,25
cifar100_strict,39,22,22,63,target_E,S,25
cifar100_strict,40,14,14,63,target_E,S,25
cifar100_strict,41,19,19,63,target_E,S,25
cifar100_strict,42,8,8,63,target_E,S,25
cifar100_strict,43,12,12,63,target_E,S,25
cifar100_strict,44,11,11,63,target_E,S,25
cifar100_strict,45,6,6,63,target_E,S,25
cifar100_strict,46,9,9,63,target_E,S,25
cifar100_strict,47,17,17,63,target_E,S,25
cifar100_strict,48,19,19,63,target_E,S,25
cifar100_strict,49,16,16,63,target_E,S,25
cifar100_strict,50,8,8,63,target_E,S,25
cifar100_strict,51,13,13,63,target_E,S,25
cifar100_strict,52,20,20,63,target_E,S,25
cifar100_strict,53,22,22,63,target_E,S,25
cifar100_strict,54,19,19,63,target_E,S,25
cifar100_strict,55,6,6,63,target_E,S,25
cifar100_strict,56,19,19,63,target_E,S,25
cifar100_strict,57,16,16,63,target_E,S,25
cifar100_strict,58,17,18,63,target_E,S,25
cifar100_strict,59,16,16,63,target_E,S,25
cifar100_strict,60,20,20,63,target_E,S,25
cifar100_strict,61,15,15,63,target_E,S,25
cifar100_strict,62,16,16,63,target_E,S,25
cifar100_strict,63,17,17,63,target_E,S,25
cifar100_strict,64,10,10,63,target_E,S,25
cifar100_strict,65,14,14,63,target_E,S,25
cifar100_strict,66,16,16,63,target_E,S,25
cifar100_strict,67,15,15,63,target_E,S,25
cifar100_strict,68,22,22,63,target_E,S,25
cifar100_strict,69,17,17,63,target_E,S,25
cifar100_strict,70,13,13,63,target_E,S,25
cifar100_strict,71,18,18,63,target_E,S,25
cifar100_strict,72,3,3,63,target_E,S,25
cifar100_strict,73,11,11,63,target_E,S,25
cifar100_strict,74,9,9,63,target_E,S,25
cifar100_strict,75,22,22,63,target_E,S,25
cifar100_strict,76,18,18,63,target_E,S,25
cifar100_strict,77,13,12,63,target_E,S,25
cifar100_strict,78,14,14,63,target_E,S,25
cifar100_strict,79,11,11,63,target_E,S,25
cifar100_strict,80,11,11,63,target_E,S,25
cifar100_strict,81,17,17,63,target_E,S,25
cifar100_strict,82,21,21,63,target_E,S,25
cifar100_strict,83,14,14,63,target_E,S,25
cifar100_strict,84,15,15,63,target_E,S,25
cifar100_strict,85,19,19,63,target_E,S,25
cifar100_strict,86,17,17,63,target_E,S,25
cifar100_strict,87,16,16,63,target_E,S,25
cifar100_strict,88,17,17,63,target_E,S,25
cifar100_strict,89,16,16,63,target_E,S,25
cifar100_strict,90,13,13,63,target_E,S,25
cifar100_strict,91,11,11,63,target_E,S,25
cifar100_strict,92,10,10,63,target_E,S,25
cifar100_strict,93,11,11,63,target_E,S,25
cifar100_strict,94,22,22,63,target_E,S,25
cifar100_strict,95,11,11,63,target_E,S,25
cifar100_strict,96,10,10,63,target_E,S,25
cifar100_strict,97,8,8,63,target_E,S,25
cifar100_strict,98,7,7,63,target_E,S,25
cifar100_strict,99,17,17,63,target_E,S,25
cifar100_strict,0,21,21,64,target_E,S,25
cifar100_strict,1,23,23,64,target_E,S,25
cifar100_strict,2,9,9,64,target_E,S,25
cifar100_strict,3,6,6,64,target_E,S,25
cifar100_strict,4,8,8,64,target_E,S,25
cifar100_strict,5,17,17,64,target_E,S,25
cifar100_strict,6,16,16,64,target_E,S,25
cifar100_strict,7,7,7,64,target_E,S,25
cifar100_strict,8,16,16,64,target_E,S,25
cifar100_strict,9,17,17,64,target_E,S,25
cifar100_strict,10,11,11,64,target_E,S,25
cifar100_strict,11,9,9,64,target_E,S,25
cifar100_strict,12,14,14,64,target_E,S,25
cifar100_strict,13,14,14,64,target_E,S,25
cifar100_strict,14,16,16,64,target_E,S,25
cifar100_strict,15,14,14,64,target_E,S,25
cifar100_strict,16,18,18,64,target_E,S,25
cifar100_strict,17,17,17,64,target_E,S,25
cifar100_strict,18,10,10,64,target_E,S,25
cifar100_strict,19,16,16,64,target_E,S,25
cifar100_strict,20,21,21,64,target_E,S,25
cifar100_strict,21,16,16,64,target_E,S,25
cifar100_strict,22,12,12,64,target_E,S,25
cifar100_strict,23,16,16,64,target_E,S,25
cifar100_strict,24,17,17,64,target_E,S,25
cifar100_strict,25,8,8,64,target_E,S,25
cifar100_strict,26,13,13,64,target_E,S,25
cifar100_strict,27,12,12,64,target_E,S,25
cifar100_strict,28,20,20,64,target_E,S,25
cifar100_strict,29,14,14,64,target_E,S,25
cifar100_strict,30,7,7,64,target_E,S,25
cifar100_strict,31,18,18,64,target_E,S,25
cifar100_strict,32,15,15,64,target_E,S,25
cifar100_strict,33,13,13,64,target_E,S,25
cifar100_strict,34,17,17,64,target_E,S,25
cifar100_strict,35,9,9,64,target_E,S,25
cifar100_strict,36,14,14,64,target_E,S,25
cifar100_strict,37,10,10,64,target_E,S,25
cifar100_strict,38,13,13,64,target_E,S,25
cifar100_strict,39,20,20,64,target_E,S,25
cifar100_strict,40,12,12,64,target_E,S,25
cifar100_strict,41,18,18,64,target_E,S,25
cifar100_strict,42,9,9,64,target_E,S,25
cifar100_strict,43,9,9,64,target_E,S,25
cifar100_strict,44,8,8,64,target_E,S,25
cifar100_strict,45,10,10,64,target_E,S,25
cifar100_strict,46,9,9,64,target_E,S,25
cifar100_strict,47,12,12,64,target_E,S,25
cifar100_strict,48,17,17,64,target_E,S,25
cifar100_strict,49,19,19,64,target_E,S,25
cifar100_strict,50,7,7,64,target_E,S,25
cifar100_strict,51,17,17,64,target_E,S,25
cifar100_strict,52,19,19,64,target_E,S,25
cifar100_strict,53,21,21,64,target_E,S,25
cifar100_strict,54,18,18,64,target_E,S,25
cifar100_strict,55,5,5,64,target_E,S,25
cifar100_strict,56,19,19,64,target_E,S,25
cifar100_strict,57,15,15,64,target_E,S,25
cifar100_strict,58,20,20,64,target_E,S,25
cifar100_strict,59,12,12,64,target_E,S,25
cifar100_strict,60,16,16,64,target_E,S,25
cifar100_strict,61,16,16,64,target_E,S,25
cifar100_strict,62,16,16,64,target_E,S,25
cifar100_strict,63,17,17,64,target_E,S,25
cifar100_strict,64,12,12,64,target_E,S,25
cifar100_strict,65,12,12,64,target_E,S,25
cifar100_strict,66,17,17,64,target_E,S,25
cifar100_strict,67,16,16,64,target_E,S,25
cifar100_strict,68,22,22,64,target_E,S,25
cifar100_strict,69,20,20,64,target_E,S,25
cifar100_strict,70,15,15,64,target_E,S,25
cifar100_strict,71,17,17,64,target_E,S,25
cifar100_strict,72,6,6,64,target_E,S,25
cifar100_strict,73,10,10,64,target_E,S,25
cifar100_strict,74,8,8,64,target_E,S,25
cifar100_strict,75,18,18,64,target_E,S,25
cifar100_strict,76,18,18,64,target_E,S,25
cifar100_strict,77,8,8,64,target_E,S,25
cifar100_strict,78,12,12,64,target_E,S,25
cifar100_strict,79,9,9,64,target_E,S,25
cifar100_strict,80,11,11,64,target_E,S,25
cifar100_strict,81,14,14,64,target_E,S,25
cifar100_strict,82,21,21,64,target_E,S,25
cifar100_strict,83,13,13,64,target_E,S,25
cifar100_strict,84,9,9,64,target_E,S,25
cifar100_strict,85,19,19,64,target_E,S,25
cifar100_strict,86,18,18,64,target_E,S,25
cifar100_strict,87,17,17,64,target_E,S,25
cifar100_strict,88,18,18,64,target_E,S,25
cifar100_strict,89,15,15,64,target_E,S,25
cifar100_strict,90,17,17,64,target_E,S,25
cifar100_strict,91,15,15,64,target_E,S,25
cifar100_strict,92,8,8,64,target_E,S,25
cifar100_strict,93,10,10,64,target_E,S,25
cifar100_strict,94,19,19,64,target_E,S,25
cifar100_strict,95,13,13,64,target_E,S,25
cifar100_strict,96,12,12,64,target_E,S,25
cifar100_strict,97,11,11,64,target_E,S,25
cifar100_strict,98,7,7,64,target_E,S,25
cifar100_strict,99,15,15,64,target_E,S,25
cifar100_strict,0,19,19,65,target_E,S,25
cifar100_strict,1,20,20,65,target_E,S,25
cifar100_strict,2,6,6,65,target_E,S,25
cifar100_strict,3,6,6,65,target_E,S,25
cifar100_strict,4,8,8,65,target_E,S,25
cifar100_strict,5,16,16,65,target_E,S,25
cifar100_strict,6,13,13,65,target_E,S,25
cifar100_strict,7,11,11,65,target_E,S,25
cifar100_strict,8,14,14,65,target_E,S,25
cifar100_strict,9,17,17,65,target_E,S,25
cifar100_strict,10,9,9,65,target_E,S,25
cifar100_strict,11,7,7,65,target_E,S,25
cifar100_strict,12,14,14,65,target_E,S,25
cifar100_strict,13,12,12,65,target_E,S,25
cifar100_strict,14,16,16,65,target_E,S,25
cifar100_strict,15,12,12,65,target_E,S,25
cifar100_strict,16,16,16,65,target_E,S,25
cifar100_strict,17,18,18,65,target_E,S,25
cifar100_strict,18,12,12,65,target_E,S,25
cifar100_strict,19,14,14,65,target_E,S,25
cifar100_strict,20,20,20,65,target_E,S,25
cifar100_strict,21,14,14,65,target_E,S,25
cifar100_strict,22,13,13,65,target_E,S,25
cifar100_strict,23,16,16,65,target_E,S,25
cifar100_strict,24,17,17,65,target_E,S,25
cifar100_strict,25,9,9,65,target_E,S,25
cifar100_strict,26,11,11,65,target_E,S,25
cifar100_strict,27,13,13,65,target_E,S,25
cifar100_strict,28,20,20,65,target_E,S,25
cifar100_strict,29,16,16,65,target_E,S,25
cifar100_strict,30,10,10,65,target_E,S,25
cifar100_strict,31,13,13,65,target_E,S,25
cifar100_strict,32,13,13,65,target_E,S,25
cifar100_strict,33,14,14,65,target_E,S,25
cifar100_strict,34,17,17,65,target_E,S,25
cifar100_strict,35,14,14,65,target_E,S,25
cifar100_strict,36,13,13,65,target_E,S,25
cifar100_strict,37,12,12,65,target_E,S,25
cifar100_strict,38,13,13,65,target_E,S,25
cifar100_strict,39,21,21,65,target_E,S,25
cifar100_strict,40,13,13,65,target_E,S,25
cifar100_strict,41,17,17,65,target_E,S,25
cifar100_strict,42,9,9,65,target_E,S,25
cifar100_strict,43,11,11,65,target_E,S,25
cifar100_strict,44,11,11,65,target_E,S,25
cifar100_strict,45,8,8,65,target_E,S,25
cifar100_strict,46,8,8,65,target_E,S,25
cifar100_strict,47,16,16,65,target_E,S,25
cifar100_strict,48,20,20,65,target_E,S,25
cifar100_strict,49,19,19,65,target_E,S,25
cifar100_strict,50,4,4,65,target_E,S,25
cifar100_strict,51,15,15,65,target_E,S,25
cifar100_strict,52,18,18,65,target_E,S,25
cifar100_strict,53,21,21,65,target_E,S,25
cifar100_strict,54,16,16,65,target_E,S,25
cifar100_strict,55,8,8,65,target_E,S,25
cifar100_strict,56,20,20,65,target_E,S,25
cifar100_strict,57,14,14,65,target_E,S,25
cifar100_strict,58,19,19,65,target_E,S,25
cifar100_strict,59,13,13,65,target_E,S,25
cifar100_strict,60,18,18,65,target_E,S,25
cifar100_strict,61,14,14,65,target_E,S,25
cifar100_strict,62,21,21,65,target_E,S,25
cifar100_strict,63,17,17,65,target_E,S,25
cifar100_strict,64,13,13,65,target_E,S,25
cifar100_strict,65,14,14,65,target_E,S,25
cifar100_strict,66,15,15,65,target_E,S,25
cifar100_strict,67,14,14,65,target_E,S,25
cifar100_strict,68,24,24,65,target_E,S,25
cifar100_strict,69,18,18,65,target_E,S,25
cifar100_strict,70,15,15,65,target_E,S,25
cifar100_strict,71,22,22,65,target_E,S,25
cifar100_strict,72,9,9,65,target_E,S,25
cifar100_strict,73,10,10,65,target_E,S,25
cifar100_strict,74,8,8,65,target_E,S,25
cifar100_strict,75,20,20,65,target_E,S,25
cifar100_strict,76,20,20,65,target_E,S,25
cifar100_strict,77,10,10,65,target_E,S,25
cifar100_strict,78,15,15,65,target_E,S,25
cifar100_strict,79,12,12,65,target_E,S,25
cifar100_strict,80,11,11,65,target_E,S,25
cifar100_strict,81,13,13,65,target_E,S,25
cifar100_strict,82,20,20,65,target_E,S,25
cifar100_strict,83,18,18,65,target_E,S,25
cifar100_strict,84,12,12,65,target_E,S,25
cifar100_strict,85,19,19,65,target_E,S,25
cifar100_strict,86,19,19,65,target_E,S,25
cifar100_strict,87,19,19,65,target_E,S,25
cifar100_strict,88,19,19,65,target_E,S,25
cifar100_strict,89,18,18,65,target_E,S,25
cifar100_strict,90,18,18,65,target_E,S,25
cifar100_strict,91,12,12,65,target_E,S,25
cifar100_strict,92,11,11,65,target_E,S,25
cifar100_strict,93,12,12,65,target_E,S,25
cifar100_strict,94,23,23,65,target_E,S,25
cifar100_strict,95,14,14,65,target_E,S,25
cifar100_strict,96,11,11,65,target_E,S,25
cifar100_strict,97,11,11,65,target_E,S,25
cifar100_strict,98,6,6,65,target_E,S,25
cifar100_strict,99,14,14,65,target_E,S,25
cifar100_strict,0,19,19,60,source_F,I,25
cifar100_strict,1,14,14,60,source_F,I,25
cifar100_strict,2,8,8,60,source_F,I,25
cifar100_strict,3,12,12,60,source_F,I,25
cifar100_strict,4,9,9,60,source_F,I,25
cifar100_strict,5,14,14,60,source_F,I,25
cifar100_strict,6,13,13,60,source_F,I,25
cifar100_strict,7,13,13,60,source_F,I,25
cifar100_strict,8,18,18,60,source_F,I,25
cifar100_strict,9,12,13,60,source_F,I,25
cifar100_strict,10,11,11,60,source_F,I,25
cifar100_strict,11,5,5,60,source_F,I,25
cifar100_strict,12,13,13,60,source_F,I,25
cifar100_strict,13,11,11,60,source_F,I,25
cifar100_strict,14,16,16,60,source_F,I,25
cifar100_strict,15,14,14,60,source_F,I,25
cifar100_strict,16,16,16,60,source_F,I,25
cifar100_strict,17,20,20,60,source_F,I,25
cifar100_strict,18,13,13,60,source_F,I,25
cifar100_strict,19,11,11,60,source_F,I,25
cifar100_strict,20,23,23,60,source_F,I,25
cifar100_strict,21,17,17,60,source_F,I,25
cifar100_strict,22,17,17,60,source_F,I,25
cifar100_strict,23,18,19,60,source_F,I,25
cifar100_strict,24,16,17,60,source_F,I,25
cifar100_strict,25,11,11,60,source_F,I,25
cifar100_strict,26,8,8,60,source_F,I,25
cifar100_strict,27,11,11,60,source_F,I,25
cifar100_strict,28,15,15,60,source_F,I,25
cifar100_strict,29,12,13,60,source_F,I,25
cifar100_strict,30,15,15,60,source_F,I,25
cifar100_strict,31,21,21,60,source_F,I,25
cifar100_strict,32,12,12,60,source_F,I,25
cifar100_strict,33,18,18,60,source_F,I,25
cifar100_strict,34,14,14,60,source_F,I,25
cifar100_strict,35,7,7,60,source_F,I,25
cifar100_strict,36,17,17,60,source_F,I,25
cifar100_strict,37,14,14,60,source_F,I,25
cifar100_strict,38,8,8,60,source_F,I,25
cifar100_strict,39,18,18,60,source_F,I,25
cifar100_strict,40,15,15,60,source_F,I,25
cifar100_strict,41,19,19,60,source_F,I,25
cifar100_strict,42,13,13,60,source_F,I,25
cifar100_strict,43,18,18,60,source_F,I,25
cifar100_strict,44,5,5,60,source_F,I,25
cifar100_strict,45,6,6,60,source_F,I,25
cifar100_strict,46,10,10,60,source_F,I,25
cifar100_strict,47,15,15,60,source_F,I,25
cifar100_strict,48,19,19,60,source_F,I,25
cifar100_strict,49,19,19,60,source_F,I,25
cifar100_strict,50,9,9,60,source_F,I,25
cifar100_strict,51,15,15,60,source_F,I,25
cifar100_strict,52,18,18,60,source_F,I,25
cifar100_strict,53,24,24,60,source_F,I,25
cifar100_strict,54,19,19,60,source_F,I,25
cifar100_strict,55,3,3,60,source_F,I,25
cifar100_strict,56,18,18,60,source_F,I,25
cifar100_strict,57,13,13,60,source_F,I,25
cifar100_strict,58,17,17,60,source_F,I,25
cifar100_strict,59,9,9,60,source_F,I,25
cifar100_strict,60,22,22,60,source_F,I,25
cifar100_strict,61,18,18,60,source_F,I,25
cifar100_strict,62,16,16,60,source_F,I,25
cifar100_strict,63,12,12,60,source_F,I,25
cifar100_strict,64,15,15,60,source_F,I,25
cifar100_strict,65,10,10,60,source_F,I,25
cifar100_strict,66,9,9,60,source_F,I,25
cifar100_strict,67,15,15,60,source_F,I,25
cifar100_strict,68,18,18,60,source_F,I,25
cifar100_strict,69,20,20,60,source_F,I,25
cifar100_strict,70,15,15,60,source_F,I,25
cifar100_strict,71,18,18,60,source_F,I,25
cifar100_strict,72,9,9,60,source_F,I,25
cifar100_strict,73,10,10,60,source_F,I,25
cifar100_strict,74,11,11,60,source_F,I,25
cifar100_strict,75,20,20,60,source_F,I,25
cifar100_strict,76,22,22,60,source_F,I,25
cifar100_strict,77,9,9,60,source_F,I,25
cifar100_strict,78,9,9,60,source_F,I,25
cifar100_strict,79,14,14,60,source_F,I,25
cifar100_strict,80,10,10,60,source_F,I,25
cifar100_strict,81,10,10,60,source_F,I,25
cifar100_strict,82,21,21,60,source_F,I,25
cifar100_strict,83,11,12,60,source_F,I,25
cifar100_strict,84,14,14,60,source_F,I,25
cifar100_strict,85,18,18,60,source_F,I,25
cifar100_strict,86,16,16,60,source_F,I,25
cifar100_strict,87,18,18,60,source_F,I,25
cifar100_strict,88,15,15,60,source_F,I,25
cifar100_strict,89,14,14,60,source_F,I,25
cifar100_strict,90,13,13,60,source_F,I,25
cifar100_strict,91,17,17,60,source_F,I,25
cifar100_strict,92,12,12,60,source_F,I,25
cifar100_strict,93,8,8,60,source_F,I,25
cifar100_strict,94,22,22,60,source_F,I,25
cifar100_strict,95,16,16,60,source_F,I,25
cifar100_strict,96,13,13,60,source_F,I,25
cifar100_strict,97,11,11,60,source_F,I,25
cifar100_strict,98,11,11,60,source_F,I,25
cifar100_strict,99,15,15,60,source_F,I,25
cifar100_strict,0,19,19,61,source_F,I,25
cifar100_strict,1,12,12,61,source_F,I,25
cifar100_strict,2,15,15,61,source_F,I,25
cifar100_strict,3,12,12,61,source_F,I,25
cifar100_strict,4,6,6,61,source_F,I,25
cifar100_strict,5,14,14,61,source_F,I,25
cifar100_strict,6,14,14,61,source_F,I,25
cifar100_strict,7,12,12,61,source_F,I,25
cifar100_strict,8,21,21,61,source_F,I,25
cifar100_strict,9,12,12,61,source_F,I,25
cifar100_strict,10,9,9,61,source_F,I,25
cifar100_strict,11,7,7,61,source_F,I,25
cifar100_strict,12,13,13,61,source_F,I,25
cifar100_strict,13,9,9,61,source_F,I,25
cifar100_strict,14,17,17,61,source_F,I,25
cifar100_strict,15,13,13,61,source_F,I,25
cifar100_strict,16,16,16,61,source_F,I,25
cifar100_strict,17,20,20,61,source_F,I,25
cifar100_strict,18,13,13,61,source_F,I,25
cifar100_strict,19,14,14,61,source_F,I,25
cifar100_strict,20,23,23,61,source_F,I,25
cifar100_strict,21,18,18,61,source_F,I,25
cifar100_strict,22,17,17,61,source_F,I,25
cifar100_strict,23,15,15,61,source_F,I,25
cifar100_strict,24,19,19,61,source_F,I,25
cifar100_strict,25,15,15,61,source_F,I,25
cifar100_strict,26,8,8,61,source_F,I,25
cifar100_strict,27,7,7,61,source_F,I,25
cifar100_strict,28,20,20,61,source_F,I,25
cifar100_strict,29,12,12,61,source_F,I,25
cifar100_strict,30,13,13,61,source_F,I,25
cifar100_strict,31,18,18,61,source_F,I,25
cifar100_strict,32,13,13,61,source_F,I,25
cifar100_strict,33,17,18,61,source_F,I,25
cifar100_strict,34,13,13,61,source_F,I,25
cifar100_strict,35,8,8,61,source_F,I,25
cifar100_strict,36,18,18,61,source_F,I,25
cifar100_strict,37,11,11,61,source_F,I,25
cifar100_strict,38,8,8,61,source_F,I,25
cifar100_strict,39,18,18,61,source_F,I,25
cifar100_strict,40,16,16,61,source_F,I,25
cifar100_strict,41,20,20,61,source_F,I,25
cifar100_strict,42,15,15,61,source_F,I,25
cifar100_strict,43,19,19,61,source_F,I,25
cifar100_strict,44,7,7,61,source_F,I,25
cifar100_strict,45,7,7,61,source_F,I,25
cifar100_strict,46,10,10,61,source_F,I,25
cifar100_strict,47,18,18,61,source_F,I,25
cifar100_strict,48,19,19,61,source_F,I,25
cifar100_strict,49,21,21,61,source_F,I,25
cifar100_strict,50,7,7,61,source_F,I,25
cifar100_strict,51,9,10,61,source_F,I,25
cifar100_strict,52,18,18,61,source_F,I,25
cifar100_strict,53,22,22,61,source_F,I,25
cifar100_strict,54,17,17,61,source_F,I,25
cifar100_strict,55,3,3,61,source_F,I,25
cifar100_strict,56,20,21,61,source_F,I,25
cifar100_strict,57,11,11,61,source_F,I,25
cifar100_strict,58,20,20,61,source_F,I,25
cifar100_strict,59,12,12,61,source_F,I,25
cifar100_strict,60,21,21,61,source_F,I,25
cifar100_strict,61,19,19,61,source_F,I,25
cifar100_strict,62,15,15,61,source_F,I,25
cifar100_strict,63,13,13,61,source_F,I,25
cifar100_strict,64,13,13,61,source_F,I,25
cifar100_strict,65,8,8,61,source_F,I,25
cifar100_strict,66,9,9,61,source_F,I,25
cifar100_strict,67,16,16,61,source_F,I,25
cifar100_strict,68,18,18,61,source_F,I,25
cifar100_strict,69,19,19,61,source_F,I,25
cifar100_strict,70,18,18,61,source_F,I,25
cifar100_strict,71,15,16,61,source_F,I,25
cifar100_strict,72,6,6,61,source_F,I,25
cifar100_strict,73,7,7,61,source_F,I,25
cifar100_strict,74,11,11,61,source_F,I,25
cifar100_strict,75,20,20,61,source_F,I,25
cifar100_strict,76,18,18,61,source_F,I,25
cifar100_strict,77,10,10,61,source_F,I,25
cifar100_strict,78,8,8,61,source_F,I,25
cifar100_strict,79,12,12,61,source_F,I,25
cifar100_strict,80,8,8,61,source_F,I,25
cifar100_strict,81,13,13,61,source_F,I,25
cifar100_strict,82,22,22,61,source_F,I,25
cifar100_strict,83,16,16,61,source_F,I,25
cifar100_strict,84,13,13,61,source_F,I,25
cifar100_strict,85,17,17,61,source_F,I,25
cifar100_strict,86,16,16,61,source_F,I,25
cifar100_strict,87,14,14,61,source_F,I,25
cifar100_strict,88,12,12,61,source_F,I,25
cifar100_strict,89,10,10,61,source_F,I,25
cifar100_strict,90,12,12,61,source_F,I,25
cifar100_strict,91,15,15,61,source_F,I,25
cifar100_strict,92,8,8,61,source_F,I,25
cifar100_strict,93,10,10,61,source_F,I,25
cifar100_strict,94,22,23,61,source_F,I,25
cifar100_strict,95,14,14,61,source_F,I,25
cifar100_strict,96,13,13,61,source_F,I,25
cifar100_strict,97,12,12,61,source_F,I,25
cifar100_strict,98,10,10,61,source_F,I,25
cifar100_strict,99,13,13,61,source_F,I,25
cifar100_strict,0,19,19,62,source_F,I,25
cifar100_strict,1,17,17,62,source_F,I,25
cifar100_strict,2,9,9,62,source_F,I,25
cifar100_strict,3,10,10,62,source_F,I,25
cifar100_strict,4,6,6,62,source_F,I,25
cifar100_strict,5,12,12,62,source_F,I,25
cifar100_strict,6,10,10,62,source_F,I,25
cifar100_strict,7,12,12,62,source_F,I,25
cifar100_strict,8,20,20,62,source_F,I,25
cifar100_strict,9,15,15,62,source_F,I,25
cifar100_strict,10,11,11,62,source_F,I,25
cifar100_strict,11,5,5,62,source_F,I,25
cifar100_strict,12,13,13,62,source_F,I,25
cifar100_strict,13,10,10,62,source_F,I,25
cifar100_strict,14,11,11,62,source_F,I,25
cifar100_strict,15,13,13,62,source_F,I,25
cifar100_strict,16,14,14,62,source_F,I,25
cifar100_strict,17,18,18,62,source_F,I,25
cifar100_strict,18,14,14,62,source_F,I,25
cifar100_strict,19,13,13,62,source_F,I,25
cifar100_strict,20,20,20,62,source_F,I,25
cifar100_strict,21,17,17,62,source_F,I,25
cifar100_strict,22,17,17,62,source_F,I,25
cifar100_strict,23,17,17,62,source_F,I,25
cifar100_strict,24,16,16,62,source_F,I,25
cifar100_strict,25,14,14,62,source_F,I,25
cifar100_strict,26,11,11,62,source_F,I,25
cifar100_strict,27,10,10,62,source_F,I,25
cifar100_strict,28,19,19,62,source_F,I,25
cifar100_strict,29,13,13,62,source_F,I,25
cifar100_strict,30,16,16,62,source_F,I,25
cifar100_strict,31,16,16,62,source_F,I,25
cifar100_strict,32,8,8,62,source_F,I,25
cifar100_strict,33,14,14,62,source_F,I,25
cifar100_strict,34,12,12,62,source_F,I,25
cifar100_strict,35,7,7,62,source_F,I,25
cifar100_strict,36,16,16,62,source_F,I,25
cifar100_strict,37,13,13,62,source_F,I,25
cifar100_strict,38,11,11,62,source_F,I,25
cifar100_strict,39,17,17,62,source_F,I,25
cifar100_strict,40,17,17,62,source_F,I,25
cifar100_strict,41,21,21,62,source_F,I,25
cifar100_strict,42,14,14,62,source_F,I,25
cifar100_strict,43,16,16,62,source_F,I,25
cifar100_strict,44,8,8,62,source_F,I,25
cifar100_strict,45,7,7,62,source_F,I,25
cifar100_strict,46,5,5,62,source_F,I,25
cifar100_strict,47,15,15,62,source_F,I,25
cifar100_strict,48,18,18,62,source_F,I,25
cifar100_strict,49,17,18,62,source_F,I,25
cifar100_strict,50,7,7,62,source_F,I,25
cifar100_strict,51,13,13,62,source_F,I,25
cifar100_strict,52,20,20,62,source_F,I,25
cifar100_strict,53,19,19,62,source_F,I,25
cifar100_strict,54,17,17,62,source_F,I,25
cifar100_strict,55,6,6,62,source_F,I,25
cifar100_strict,56,19,19,62,source_F,I,25
cifar100_strict,57,13,13,62,source_F,I,25
cifar100_strict,58,18,18,62,source_F,I,25
cifar100_strict,59,15,15,62,source_F,I,25
cifar100_strict,60,22,22,62,source_F,I,25
cifar100_strict,61,14,14,62,source_F,I,25
cifar100_strict,62,17,17,62,source_F,I,25
cifar100_strict,63,12,12,62,source_F,I,25
cifar100_strict,64,10,10,62,source_F,I,25
cifar100_strict,65,13,13,62,source_F,I,25
cifar100_strict,66,11,11,62,source_F,I,25
cifar100_strict,67,13,13,62,source_F,I,25
cifar100_strict,68,20,20,62,source_F,I,25
cifar100_strict,69,20,20,62,source_F,I,25
cifar100_strict,70,15,15,62,source_F,I,25
cifar100_strict,71,16,16,62,source_F,I,25
cifar100_strict,72,6,6,62,source_F,I,25
cifar100_strict,73,12,12,62,source_F,I,25
cifar100_strict,74,12,12,62,source_F,I,25
cifar100_strict,75,16,16,62,source_F,I,25
cifar100_strict,76,21,21,62,source_F,I,25
cifar100_strict,77,14,14,62,source_F,I,25
cifar100_strict,78,8,8,62,source_F,I,25
cifar100_strict,79,11,11,62,source_F,I,25
cifar100_strict,80,13,13,62,source_F,I,25
cifar100_strict,81,11,11,62,source_F,I,25
cifar100_strict,82,22,22,62,source_F,I,25
cifar100_strict,83,13,13,62,source_F,I,25
cifar100_strict,84,15,15,62,source_F,I,25
cifar100_strict,85,19,19,62,source_F,I,25
cifar100_strict,86,20,20,62,source_F,I,25
cifar100_strict,87,14,14,62,source_F,I,25
cifar100_strict,88,15,15,62,source_F,I,25
cifar100_strict,89,17,17,62,source_F,I,25
cifar100_strict,90,15,15,62,source_F,I,25
cifar100_strict,91,15,15,62,source_F,I,25
cifar100_strict,92,10,10,62,source_F,I,25
cifar100_strict,93,8,8,62,source_F,I,25
cifar100_strict,94,20,20,62,source_F,I,25
cifar100_strict,95,12,12,62,source_F,I,25
cifar100_strict,96,13,13,62,source_F,I,25
cifar100_strict,97,14,14,62,source_F,I,25
cifar100_strict,98,14,14,62,source_F,I,25
cifar100_strict,99,14,14,62,source_F,I,25
cifar100_strict,0,17,17,63,target_E,I,25
cifar100_strict,1,17,17,63,target_E,I,25
cifar100_strict,2,7,7,63,target_E,I,25
cifar100_strict,3,7,7,63,target_E,I,25
cifar100_strict,4,8,8,63,target_E,I,25
cifar100_strict,5,14,14,63,target_E,I,25
cifar100_strict,6,15,15,63,target_E,I,25
cifar100_strict,7,14,14,63,target_E,I,25
cifar100_strict,8,16,16,63,target_E,I,25
cifar100_strict,9,17,18,63,target_E,I,25
cifar100_strict,10,10,10,63,target_E,I,25
cifar100_strict,11,7,7,63,target_E,I,25
cifar100_strict,12,13,13,63,target_E,I,25
cifar100_strict,13,11,11,63,target_E,I,25
cifar100_strict,14,15,15,63,target_E,I,25
cifar100_strict,15,12,12,63,target_E,I,25
cifar100_strict,16,17,17,63,target_E,I,25
cifar100_strict,17,17,17,63,target_E,I,25
cifar100_strict,18,14,14,63,target_E,I,25
cifar100_strict,19,9,9,63,target_E,I,25
cifar100_strict,20,21,21,63,target_E,I,25
cifar100_strict,21,12,12,63,target_E,I,25
cifar100_strict,22,11,11,63,target_E,I,25
cifar100_strict,23,23,23,63,target_E,I,25
cifar100_strict,24,18,19,63,target_E,I,25
cifar100_strict,25,7,7,63,target_E,I,25
cifar100_strict,26,13,13,63,target_E,I,25
cifar100_strict,27,12,12,63,target_E,I,25
cifar100_strict,28,18,18,63,target_E,I,25
cifar100_strict,29,14,14,63,target_E,I,25
cifar100_strict,30,11,11,63,target_E,I,25
cifar100_strict,31,17,17,63,target_E,I,25
cifar100_strict,32,15,15,63,target_E,I,25
cifar100_strict,33,13,13,63,target_E,I,25
cifar100_strict,34,18,18,63,target_E,I,25
cifar100_strict,35,7,7,63,target_E,I,25
cifar100_strict,36,14,14,63,target_E,I,25
cifar100_strict,37,9,9,63,target_E,I,25
cifar100_strict,38,11,11,63,target_E,I,25
cifar100_strict,39,22,22,63,target_E,I,25
cifar100_strict,40,14,14,63,target_E,I,25
cifar100_strict,41,19,19,63,target_E,I,25
cifar100_strict,42,8,8,63,target_E,I,25
cifar100_strict,43,12,12,63,target_E,I,25
cifar100_strict,44,11,11,63,target_E,I,25
cifar100_strict,45,6,6,63,target_E,I,25
cifar100_strict,46,9,9,63,target_E,I,25
cifar100_strict,47,17,17,63,target_E,I,25
cifar100_strict,48,19,20,63,target_E,I,25
cifar100_strict,49,16,16,63,target_E,I,25
cifar100_strict,50,8,8,63,target_E,I,25
cifar100_strict,51,13,14,63,target_E,I,25
cifar100_strict,52,20,20,63,target_E,I,25
cifar100_strict,53,22,22,63,target_E,I,25
cifar100_strict,54,19,19,63,target_E,I,25
cifar100_strict,55,6,6,63,target_E,I,25
cifar100_strict,56,19,19,63,target_E,I,25
cifar100_strict,57,16,16,63,target_E,I,25
cifar100_strict,58,17,18,63,target_E,I,25
cifar100_strict,59,16,16,63,target_E,I,25
cifar100_strict,60,20,20,63,target_E,I,25
cifar100_strict,61,15,15,63,target_E,I,25
cifar100_strict,62,16,16,63,target_E,I,25
cifar100_strict,63,17,17,63,target_E,I,25
cifar100_strict,64,10,10,63,target_E,I,25
cifar100_strict,65,14,14,63,target_E,I,25
cifar100_strict,66,16,16,63,target_E,I,25
cifar100_strict,67,15,15,63,target_E,I,25
cifar100_strict,68,22,22,63,target_E,I,25
cifar100_strict,69,17,17,63,target_E,I,25
cifar100_strict,70,13,12,63,target_E,I,25
cifar100_strict,71,18,19,63,target_E,I,25
cifar100_strict,72,3,3,63,target_E,I,25
cifar100_strict,73,11,11,63,target_E,I,25
cifar100_strict,74,9,9,63,target_E,I,25
cifar100_strict,75,22,22,63,target_E,I,25
cifar100_strict,76,18,18,63,target_E,I,25
cifar100_strict,77,13,12,63,target_E,I,25
cifar100_strict,78,14,14,63,target_E,I,25
cifar100_strict,79,11,11,63,target_E,I,25
cifar100_strict,80,11,11,63,target_E,I,25
cifar100_strict,81,17,17,63,target_E,I,25
cifar100_strict,82,21,21,63,target_E,I,25
cifar100_strict,83,14,14,63,target_E,I,25
cifar100_strict,84,15,15,63,target_E,I,25
cifar100_strict,85,19,19,63,target_E,I,25
cifar100_strict,86,17,18,63,target_E,I,25
cifar100_strict,87,16,16,63,target_E,I,25
cifar100_strict,88,17,17,63,target_E,I,25
cifar100_strict,89,16,17,63,target_E,I,25
cifar100_strict,90,13,13,63,target_E,I,25
cifar100_strict,91,11,12,63,target_E,I,25
cifar100_strict,92,10,10,63,target_E,I,25
cifar100_strict,93,11,11,63,target_E,I,25
cifar100_strict,94,22,22,63,target_E,I,25
cifar100_strict,95,11,11,63,target_E,I,25
cifar100_strict,96,10,10,63,target_E,I,25
cifar100_strict,97,8,8,63,target_E,I,25
cifar100_strict,98,7,7,63,target_E,I,25
cifar100_strict,99,17,17,63,target_E,I,25
cifar100_strict,0,21,21,64,target_E,I,25
cifar100_strict,1,23,23,64,target_E,I,25
cifar100_strict,2,9,9,64,target_E,I,25
cifar100_strict,3,6,6,64,target_E,I,25
cifar100_strict,4,8,8,64,target_E,I,25
cifar100_strict,5,17,17,64,target_E,I,25
cifar100_strict,6,16,16,64,target_E,I,25
cifar100_strict,7,7,7,64,target_E,I,25
cifar100_strict,8,16,17,64,target_E,I,25
cifar100_strict,9,17,17,64,target_E,I,25
cifar100_strict,10,11,11,64,target_E,I,25
cifar100_strict,11,9,9,64,target_E,I,25
cifar100_strict,12,14,14,64,target_E,I,25
cifar100_strict,13,14,14,64,target_E,I,25
cifar100_strict,14,16,16,64,target_E,I,25
cifar100_strict,15,14,14,64,target_E,I,25
cifar100_strict,16,18,18,64,target_E,I,25
cifar100_strict,17,17,17,64,target_E,I,25
cifar100_strict,18,10,10,64,target_E,I,25
cifar100_strict,19,16,16,64,target_E,I,25
cifar100_strict,20,21,21,64,target_E,I,25
cifar100_strict,21,16,15,64,target_E,I,25
cifar100_strict,22,12,12,64,target_E,I,25
cifar100_strict,23,16,16,64,target_E,I,25
cifar100_strict,24,17,17,64,target_E,I,25
cifar100_strict,25,8,9,64,target_E,I,25
cifar100_strict,26,13,13,64,target_E,I,25
cifar100_strict,27,12,12,64,target_E,I,25
cifar100_strict,28,20,20,64,target_E,I,25
cifar100_strict,29,14,14,64,target_E,I,25
cifar100_strict,30,7,7,64,target_E,I,25
cifar100_strict,31,18,18,64,target_E,I,25
cifar100_strict,32,15,15,64,target_E,I,25
cifar100_strict,33,13,13,64,target_E,I,25
cifar100_strict,34,17,17,64,target_E,I,25
cifar100_strict,35,9,9,64,target_E,I,25
cifar100_strict,36,14,14,64,target_E,I,25
cifar100_strict,37,10,11,64,target_E,I,25
cifar100_strict,38,13,13,64,target_E,I,25
cifar100_strict,39,20,20,64,target_E,I,25
cifar100_strict,40,12,11,64,target_E,I,25
cifar100_strict,41,18,18,64,target_E,I,25
cifar100_strict,42,9,10,64,target_E,I,25
cifar100_strict,43,9,10,64,target_E,I,25
cifar100_strict,44,8,8,64,target_E,I,25
cifar100_strict,45,10,10,64,target_E,I,25
cifar100_strict,46,9,9,64,target_E,I,25
cifar100_strict,47,12,12,64,target_E,I,25
cifar100_strict,48,17,17,64,target_E,I,25
cifar100_strict,49,19,19,64,target_E,I,25
cifar100_strict,50,7,7,64,target_E,I,25
cifar100_strict,51,17,17,64,target_E,I,25
cifar100_strict,52,19,19,64,target_E,I,25
cifar100_strict,53,21,21,64,target_E,I,25
cifar100_strict,54,18,18,64,target_E,I,25
cifar100_strict,55,5,5,64,target_E,I,25
cifar100_strict,56,19,19,64,target_E,I,25
cifar100_strict,57,15,15,64,target_E,I,25
cifar100_strict,58,20,20,64,target_E,I,25
cifar100_strict,59,12,12,64,target_E,I,25
cifar100_strict,60,16,17,64,target_E,I,25
cifar100_strict,61,16,16,64,target_E,I,25
cifar100_strict,62,16,17,64,target_E,I,25
cifar100_strict,63,17,17,64,target_E,I,25
cifar100_strict,64,12,12,64,target_E,I,25
cifar100_strict,65,12,12,64,target_E,I,25
cifar100_strict,66,17,17,64,target_E,I,25
cifar100_strict,67,16,16,64,target_E,I,25
cifar100_strict,68,22,22,64,target_E,I,25
cifar100_strict,69,20,20,64,target_E,I,25
cifar100_strict,70,15,15,64,target_E,I,25
cifar100_strict,71,17,17,64,target_E,I,25
cifar100_strict,72,6,6,64,target_E,I,25
cifar100_strict,73,10,10,64,target_E,I,25
cifar100_strict,74,8,8,64,target_E,I,25
cifar100_strict,75,18,19,64,target_E,I,25
cifar100_strict,76,18,17,64,target_E,I,25
cifar100_strict,77,8,8,64,target_E,I,25
cifar100_strict,78,12,12,64,target_E,I,25
cifar100_strict,79,9,9,64,target_E,I,25
cifar100_strict,80,11,11,64,target_E,I,25
cifar100_strict,81,14,14,64,target_E,I,25
cifar100_strict,82,21,21,64,target_E,I,25
cifar100_strict,83,13,14,64,target_E,I,25
cifar100_strict,84,9,10,64,target_E,I,25
cifar100_strict,85,19,19,64,target_E,I,25
cifar100_strict,86,18,18,64,target_E,I,25
cifar100_strict,87,17,17,64,target_E,I,25
cifar100_strict,88,18,18,64,target_E,I,25
cifar100_strict,89,15,16,64,target_E,I,25
cifar100_strict,90,17,17,64,target_E,I,25
cifar100_strict,91,15,15,64,target_E,I,25
cifar100_strict,92,8,8,64,target_E,I,25
cifar100_strict,93,10,10,64,target_E,I,25
cifar100_strict,94,19,19,64,target_E,I,25
cifar100_strict,95,13,13,64,target_E,I,25
cifar100_strict,96,12,12,64,target_E,I,25
cifar100_strict,97,11,11,64,target_E,I,25
cifar100_strict,98,7,7,64,target_E,I,25
cifar100_strict,99,15,15,64,target_E,I,25
cifar100_strict,0,19,19,65,target_E,I,25
cifar100_strict,1,20,20,65,target_E,I,25
cifar100_strict,2,6,6,65,target_E,I,25
cifar100_strict,3,6,6,65,target_E,I,25
cifar100_strict,4,8,8,65,target_E,I,25
cifar100_strict,5,16,16,65,target_E,I,25
cifar100_strict,6,13,13,65,target_E,I,25
cifar100_strict,7,11,11,65,target_E,I,25
cifar100_strict,8,14,14,65,target_E,I,25
cifar100_strict,9,17,17,65,target_E,I,25
cifar100_strict,10,9,9,65,target_E,I,25
cifar100_strict,11,7,7,65,target_E,I,25
cifar100_strict,12,14,14,65,target_E,I,25
cifar100_strict,13,12,12,65,target_E,I,25
cifar100_strict,14,16,16,65,target_E,I,25
cifar100_strict,15,12,12,65,target_E,I,25
cifar100_strict,16,16,16,65,target_E,I,25
cifar100_strict,17,18,18,65,target_E,I,25
cifar100_strict,18,12,12,65,target_E,I,25
cifar100_strict,19,14,14,65,target_E,I,25
cifar100_strict,20,20,20,65,target_E,I,25
cifar100_strict,21,14,14,65,target_E,I,25
cifar100_strict,22,13,13,65,target_E,I,25
cifar100_strict,23,16,16,65,target_E,I,25
cifar100_strict,24,17,17,65,target_E,I,25
cifar100_strict,25,9,9,65,target_E,I,25
cifar100_strict,26,11,11,65,target_E,I,25
cifar100_strict,27,13,13,65,target_E,I,25
cifar100_strict,28,20,20,65,target_E,I,25
cifar100_strict,29,16,16,65,target_E,I,25
cifar100_strict,30,10,10,65,target_E,I,25
cifar100_strict,31,13,13,65,target_E,I,25
cifar100_strict,32,13,13,65,target_E,I,25
cifar100_strict,33,14,14,65,target_E,I,25
cifar100_strict,34,17,17,65,target_E,I,25
cifar100_strict,35,14,14,65,target_E,I,25
cifar100_strict,36,13,13,65,target_E,I,25
cifar100_strict,37,12,12,65,target_E,I,25
cifar100_strict,38,13,13,65,target_E,I,25
cifar100_strict,39,21,21,65,target_E,I,25
cifar100_strict,40,13,13,65,target_E,I,25
cifar100_strict,41,17,17,65,target_E,I,25
cifar100_strict,42,9,9,65,target_E,I,25
cifar100_strict,43,11,11,65,target_E,I,25
cifar100_strict,44,11,11,65,target_E,I,25
cifar100_strict,45,8,8,65,target_E,I,25
cifar100_strict,46,8,8,65,target_E,I,25
cifar100_strict,47,16,16,65,target_E,I,25
cifar100_strict,48,20,20,65,target_E,I,25
cifar100_strict,49,19,19,65,target_E,I,25
cifar100_strict,50,4,4,65,target_E,I,25
cifar100_strict,51,15,15,65,target_E,I,25
cifar100_strict,52,18,18,65,target_E,I,25
cifar100_strict,53,21,21,65,target_E,I,25
cifar100_strict,54,16,16,65,target_E,I,25
cifar100_strict,55,8,8,65,target_E,I,25
cifar100_strict,56,20,20,65,target_E,I,25
cifar100_strict,57,14,14,65,target_E,I,25
cifar100_strict,58,19,19,65,target_E,I,25
cifar100_strict,59,13,13,65,target_E,I,25
cifar100_strict,60,18,18,65,target_E,I,25
cifar100_strict,61,14,14,65,target_E,I,25
cifar100_strict,62,21,21,65,target_E,I,25
cifar100_strict,63,17,17,65,target_E,I,25
cifar100_strict,64,13,13,65,target_E,I,25
cifar100_strict,65,14,14,65,target_E,I,25
cifar100_strict,66,15,15,65,target_E,I,25
cifar100_strict,67,14,14,65,target_E,I,25
cifar100_strict,68,24,24,65,target_E,I,25
cifar100_strict,69,18,18,65,target_E,I,25
cifar100_strict,70,15,15,65,target_E,I,25
cifar100_strict,71,22,22,65,target_E,I,25
cifar100_strict,72,9,9,65,target_E,I,25
cifar100_strict,73,10,10,65,target_E,I,25
cifar100_strict,74,8,8,65,target_E,I,25
cifar100_strict,75,20,20,65,target_E,I,25
cifar100_strict,76,20,20,65,target_E,I,25
cifar100_strict,77,10,10,65,target_E,I,25
cifar100_strict,78,15,15,65,target_E,I,25
cifar100_strict,79,12,12,65,target_E,I,25
cifar100_strict,80,11,11,65,target_E,I,25
cifar100_strict,81,13,13,65,target_E,I,25
cifar100_strict,82,20,20,65,target_E,I,25
cifar100_strict,83,18,18,65,target_E,I,25
cifar100_strict,84,12,12,65,target_E,I,25
cifar100_strict,85,19,19,65,target_E,I,25
cifar100_strict,86,19,19,65,target_E,I,25
cifar100_strict,87,19,19,65,target_E,I,25
cifar100_strict,88,19,19,65,target_E,I,25
cifar100_strict,89,18,18,65,target_E,I,25
cifar100_strict,90,18,18,65,target_E,I,25
cifar100_strict,91,12,12,65,target_E,I,25
cifar100_strict,92,11,11,65,target_E,I,25
cifar100_strict,93,12,12,65,target_E,I,25
cifar100_strict,94,23,23,65,target_E,I,25
cifar100_strict,95,14,14,65,target_E,I,25
cifar100_strict,96,11,11,65,target_E,I,25
cifar100_strict,97,11,11,65,target_E,I,25
cifar100_strict,98,6,6,65,target_E,I,25
cifar100_strict,99,14,14,65,target_E,I,25
cifar100_strict,0,19,19,60,source_F,A,25
cifar100_strict,1,14,14,60,source_F,A,25
cifar100_strict,2,8,8,60,source_F,A,25
cifar100_strict,3,12,12,60,source_F,A,25
cifar100_strict,4,9,9,60,source_F,A,25
cifar100_strict,5,14,14,60,source_F,A,25
cifar100_strict,6,13,13,60,source_F,A,25
cifar100_strict,7,13,13,60,source_F,A,25
cifar100_strict,8,18,18,60,source_F,A,25
cifar100_strict,9,12,13,60,source_F,A,25
cifar100_strict,10,11,11,60,source_F,A,25
cifar100_strict,11,5,5,60,source_F,A,25
cifar100_strict,12,13,13,60,source_F,A,25
cifar100_strict,13,11,11,60,source_F,A,25
cifar100_strict,14,16,16,60,source_F,A,25
cifar100_strict,15,14,14,60,source_F,A,25
cifar100_strict,16,16,16,60,source_F,A,25
cifar100_strict,17,20,20,60,source_F,A,25
cifar100_strict,18,13,13,60,source_F,A,25
cifar100_strict,19,11,11,60,source_F,A,25
cifar100_strict,20,23,23,60,source_F,A,25
cifar100_strict,21,17,17,60,source_F,A,25
cifar100_strict,22,17,17,60,source_F,A,25
cifar100_strict,23,18,18,60,source_F,A,25
cifar100_strict,24,16,16,60,source_F,A,25
cifar100_strict,25,11,11,60,source_F,A,25
cifar100_strict,26,8,8,60,source_F,A,25
cifar100_strict,27,11,11,60,source_F,A,25
cifar100_strict,28,15,15,60,source_F,A,25
cifar100_strict,29,12,12,60,source_F,A,25
cifar100_strict,30,15,15,60,source_F,A,25
cifar100_strict,31,21,21,60,source_F,A,25
cifar100_strict,32,12,12,60,source_F,A,25
cifar100_strict,33,18,18,60,source_F,A,25
cifar100_strict,34,14,14,60,source_F,A,25
cifar100_strict,35,7,7,60,source_F,A,25
cifar100_strict,36,17,17,60,source_F,A,25
cifar100_strict,37,14,14,60,source_F,A,25
cifar100_strict,38,8,8,60,source_F,A,25
cifar100_strict,39,18,18,60,source_F,A,25
cifar100_strict,40,15,15,60,source_F,A,25
cifar100_strict,41,19,19,60,source_F,A,25
cifar100_strict,42,13,13,60,source_F,A,25
cifar100_strict,43,18,18,60,source_F,A,25
cifar100_strict,44,5,5,60,source_F,A,25
cifar100_strict,45,6,6,60,source_F,A,25
cifar100_strict,46,10,10,60,source_F,A,25
cifar100_strict,47,15,15,60,source_F,A,25
cifar100_strict,48,19,19,60,source_F,A,25
cifar100_strict,49,19,19,60,source_F,A,25
cifar100_strict,50,9,9,60,source_F,A,25
cifar100_strict,51,15,15,60,source_F,A,25
cifar100_strict,52,18,18,60,source_F,A,25
cifar100_strict,53,24,24,60,source_F,A,25
cifar100_strict,54,19,19,60,source_F,A,25
cifar100_strict,55,3,3,60,source_F,A,25
cifar100_strict,56,18,18,60,source_F,A,25
cifar100_strict,57,13,13,60,source_F,A,25
cifar100_strict,58,17,17,60,source_F,A,25
cifar100_strict,59,9,9,60,source_F,A,25
cifar100_strict,60,22,22,60,source_F,A,25
cifar100_strict,61,18,18,60,source_F,A,25
cifar100_strict,62,16,16,60,source_F,A,25
cifar100_strict,63,12,12,60,source_F,A,25
cifar100_strict,64,15,15,60,source_F,A,25
cifar100_strict,65,10,10,60,source_F,A,25
cifar100_strict,66,9,9,60,source_F,A,25
cifar100_strict,67,15,15,60,source_F,A,25
cifar100_strict,68,18,18,60,source_F,A,25
cifar100_strict,69,20,20,60,source_F,A,25
cifar100_strict,70,15,15,60,source_F,A,25
cifar100_strict,71,18,18,60,source_F,A,25
cifar100_strict,72,9,9,60,source_F,A,25
cifar100_strict,73,10,10,60,source_F,A,25
cifar100_strict,74,11,11,60,source_F,A,25
cifar100_strict,75,20,20,60,source_F,A,25
cifar100_strict,76,22,22,60,source_F,A,25
cifar100_strict,77,9,9,60,source_F,A,25
cifar100_strict,78,9,9,60,source_F,A,25
cifar100_strict,79,14,14,60,source_F,A,25
cifar100_strict,80,10,10,60,source_F,A,25
cifar100_strict,81,10,10,60,source_F,A,25
cifar100_strict,82,21,21,60,source_F,A,25
cifar100_strict,83,11,12,60,source_F,A,25
cifar100_strict,84,14,14,60,source_F,A,25
cifar100_strict,85,18,18,60,source_F,A,25
cifar100_strict,86,16,16,60,source_F,A,25
cifar100_strict,87,18,18,60,source_F,A,25
cifar100_strict,88,15,15,60,source_F,A,25
cifar100_strict,89,14,14,60,source_F,A,25
cifar100_strict,90,13,13,60,source_F,A,25
cifar100_strict,91,17,17,60,source_F,A,25
cifar100_strict,92,12,12,60,source_F,A,25
cifar100_strict,93,8,8,60,source_F,A,25
cifar100_strict,94,22,22,60,source_F,A,25
cifar100_strict,95,16,16,60,source_F,A,25
cifar100_strict,96,13,13,60,source_F,A,25
cifar100_strict,97,11,11,60,source_F,A,25
cifar100_strict,98,11,11,60,source_F,A,25
cifar100_strict,99,15,15,60,source_F,A,25
cifar100_strict,0,19,19,61,source_F,A,25
cifar100_strict,1,12,12,61,source_F,A,25
cifar100_strict,2,15,15,61,source_F,A,25
cifar100_strict,3,12,12,61,source_F,A,25
cifar100_strict,4,6,6,61,source_F,A,25
cifar100_strict,5,14,14,61,source_F,A,25
cifar100_strict,6,14,14,61,source_F,A,25
cifar100_strict,7,12,12,61,source_F,A,25
cifar100_strict,8,21,21,61,source_F,A,25
cifar100_strict,9,12,12,61,source_F,A,25
cifar100_strict,10,9,9,61,source_F,A,25
cifar100_strict,11,7,7,61,source_F,A,25
cifar100_strict,12,13,13,61,source_F,A,25
cifar100_strict,13,9,9,61,source_F,A,25
cifar100_strict,14,17,17,61,source_F,A,25
cifar100_strict,15,13,13,61,source_F,A,25
cifar100_strict,16,16,16,61,source_F,A,25
cifar100_strict,17,20,20,61,source_F,A,25
cifar100_strict,18,13,13,61,source_F,A,25
cifar100_strict,19,14,14,61,source_F,A,25
cifar100_strict,20,23,23,61,source_F,A,25
cifar100_strict,21,18,18,61,source_F,A,25
cifar100_strict,22,17,17,61,source_F,A,25
cifar100_strict,23,15,15,61,source_F,A,25
cifar100_strict,24,19,19,61,source_F,A,25
cifar100_strict,25,15,15,61,source_F,A,25
cifar100_strict,26,8,8,61,source_F,A,25
cifar100_strict,27,7,7,61,source_F,A,25
cifar100_strict,28,20,20,61,source_F,A,25
cifar100_strict,29,12,12,61,source_F,A,25
cifar100_strict,30,13,13,61,source_F,A,25
cifar100_strict,31,18,18,61,source_F,A,25
cifar100_strict,32,13,13,61,source_F,A,25
cifar100_strict,33,17,17,61,source_F,A,25
cifar100_strict,34,13,13,61,source_F,A,25
cifar100_strict,35,8,8,61,source_F,A,25
cifar100_strict,36,18,18,61,source_F,A,25
cifar100_strict,37,11,11,61,source_F,A,25
cifar100_strict,38,8,8,61,source_F,A,25
cifar100_strict,39,18,18,61,source_F,A,25
cifar100_strict,40,16,16,61,source_F,A,25
cifar100_strict,41,20,20,61,source_F,A,25
cifar100_strict,42,15,15,61,source_F,A,25
cifar100_strict,43,19,19,61,source_F,A,25
cifar100_strict,44,7,7,61,source_F,A,25
cifar100_strict,45,7,7,61,source_F,A,25
cifar100_strict,46,10,10,61,source_F,A,25
cifar100_strict,47,18,18,61,source_F,A,25
cifar100_strict,48,19,19,61,source_F,A,25
cifar100_strict,49,21,21,61,source_F,A,25
cifar100_strict,50,7,7,61,source_F,A,25
cifar100_strict,51,9,10,61,source_F,A,25
cifar100_strict,52,18,18,61,source_F,A,25
cifar100_strict,53,22,22,61,source_F,A,25
cifar100_strict,54,17,17,61,source_F,A,25
cifar100_strict,55,3,3,61,source_F,A,25
cifar100_strict,56,20,20,61,source_F,A,25
cifar100_strict,57,11,11,61,source_F,A,25
cifar100_strict,58,20,20,61,source_F,A,25
cifar100_strict,59,12,12,61,source_F,A,25
cifar100_strict,60,21,21,61,source_F,A,25
cifar100_strict,61,19,19,61,source_F,A,25
cifar100_strict,62,15,15,61,source_F,A,25
cifar100_strict,63,13,13,61,source_F,A,25
cifar100_strict,64,13,13,61,source_F,A,25
cifar100_strict,65,8,8,61,source_F,A,25
cifar100_strict,66,9,9,61,source_F,A,25
cifar100_strict,67,16,16,61,source_F,A,25
cifar100_strict,68,18,18,61,source_F,A,25
cifar100_strict,69,19,19,61,source_F,A,25
cifar100_strict,70,18,18,61,source_F,A,25
cifar100_strict,71,15,15,61,source_F,A,25
cifar100_strict,72,6,6,61,source_F,A,25
cifar100_strict,73,7,7,61,source_F,A,25
cifar100_strict,74,11,11,61,source_F,A,25
cifar100_strict,75,20,20,61,source_F,A,25
cifar100_strict,76,18,18,61,source_F,A,25
cifar100_strict,77,10,10,61,source_F,A,25
cifar100_strict,78,8,8,61,source_F,A,25
cifar100_strict,79,12,12,61,source_F,A,25
cifar100_strict,80,8,8,61,source_F,A,25
cifar100_strict,81,13,13,61,source_F,A,25
cifar100_strict,82,22,22,61,source_F,A,25
cifar100_strict,83,16,16,61,source_F,A,25
cifar100_strict,84,13,13,61,source_F,A,25
cifar100_strict,85,17,17,61,source_F,A,25
cifar100_strict,86,16,16,61,source_F,A,25
cifar100_strict,87,14,14,61,source_F,A,25
cifar100_strict,88,12,12,61,source_F,A,25
cifar100_strict,89,10,10,61,source_F,A,25
cifar100_strict,90,12,12,61,source_F,A,25
cifar100_strict,91,15,15,61,source_F,A,25
cifar100_strict,92,8,8,61,source_F,A,25
cifar100_strict,93,10,10,61,source_F,A,25
cifar100_strict,94,22,22,61,source_F,A,25
cifar100_strict,95,14,14,61,source_F,A,25
cifar100_strict,96,13,13,61,source_F,A,25
cifar100_strict,97,12,12,61,source_F,A,25
cifar100_strict,98,10,10,61,source_F,A,25
cifar100_strict,99,13,13,61,source_F,A,25
cifar100_strict,0,19,19,62,source_F,A,25
cifar100_strict,1,17,17,62,source_F,A,25
cifar100_strict,2,9,9,62,source_F,A,25
cifar100_strict,3,10,10,62,source_F,A,25
cifar100_strict,4,6,6,62,source_F,A,25
cifar100_strict,5,12,12,62,source_F,A,25
cifar100_strict,6,10,10,62,source_F,A,25
cifar100_strict,7,12,12,62,source_F,A,25
cifar100_strict,8,20,20,62,source_F,A,25
cifar100_strict,9,15,15,62,source_F,A,25
cifar100_strict,10,11,11,62,source_F,A,25
cifar100_strict,11,5,5,62,source_F,A,25
cifar100_strict,12,13,13,62,source_F,A,25
cifar100_strict,13,10,10,62,source_F,A,25
cifar100_strict,14,11,11,62,source_F,A,25
cifar100_strict,15,13,13,62,source_F,A,25
cifar100_strict,16,14,14,62,source_F,A,25
cifar100_strict,17,18,18,62,source_F,A,25
cifar100_strict,18,14,14,62,source_F,A,25
cifar100_strict,19,13,13,62,source_F,A,25
cifar100_strict,20,20,20,62,source_F,A,25
cifar100_strict,21,17,17,62,source_F,A,25
cifar100_strict,22,17,17,62,source_F,A,25
cifar100_strict,23,17,17,62,source_F,A,25
cifar100_strict,24,16,16,62,source_F,A,25
cifar100_strict,25,14,14,62,source_F,A,25
cifar100_strict,26,11,11,62,source_F,A,25
cifar100_strict,27,10,10,62,source_F,A,25
cifar100_strict,28,19,19,62,source_F,A,25
cifar100_strict,29,13,13,62,source_F,A,25
cifar100_strict,30,16,16,62,source_F,A,25
cifar100_strict,31,16,16,62,source_F,A,25
cifar100_strict,32,8,8,62,source_F,A,25
cifar100_strict,33,14,14,62,source_F,A,25
cifar100_strict,34,12,12,62,source_F,A,25
cifar100_strict,35,7,7,62,source_F,A,25
cifar100_strict,36,16,16,62,source_F,A,25
cifar100_strict,37,13,13,62,source_F,A,25
cifar100_strict,38,11,11,62,source_F,A,25
cifar100_strict,39,17,17,62,source_F,A,25
cifar100_strict,40,17,17,62,source_F,A,25
cifar100_strict,41,21,21,62,source_F,A,25
cifar100_strict,42,14,14,62,source_F,A,25
cifar100_strict,43,16,16,62,source_F,A,25
cifar100_strict,44,8,8,62,source_F,A,25
cifar100_strict,45,7,7,62,source_F,A,25
cifar100_strict,46,5,5,62,source_F,A,25
cifar100_strict,47,15,15,62,source_F,A,25
cifar100_strict,48,18,18,62,source_F,A,25
cifar100_strict,49,17,18,62,source_F,A,25
cifar100_strict,50,7,7,62,source_F,A,25
cifar100_strict,51,13,13,62,source_F,A,25
cifar100_strict,52,20,20,62,source_F,A,25
cifar100_strict,53,19,19,62,source_F,A,25
cifar100_strict,54,17,17,62,source_F,A,25
cifar100_strict,55,6,6,62,source_F,A,25
cifar100_strict,56,19,19,62,source_F,A,25
cifar100_strict,57,13,13,62,source_F,A,25
cifar100_strict,58,18,18,62,source_F,A,25
cifar100_strict,59,15,15,62,source_F,A,25
cifar100_strict,60,22,22,62,source_F,A,25
cifar100_strict,61,14,14,62,source_F,A,25
cifar100_strict,62,17,17,62,source_F,A,25
cifar100_strict,63,12,12,62,source_F,A,25
cifar100_strict,64,10,10,62,source_F,A,25
cifar100_strict,65,13,13,62,source_F,A,25
cifar100_strict,66,11,11,62,source_F,A,25
cifar100_strict,67,13,13,62,source_F,A,25
cifar100_strict,68,20,20,62,source_F,A,25
cifar100_strict,69,20,20,62,source_F,A,25
cifar100_strict,70,15,15,62,source_F,A,25
cifar100_strict,71,16,16,62,source_F,A,25
cifar100_strict,72,6,6,62,source_F,A,25
cifar100_strict,73,12,12,62,source_F,A,25
cifar100_strict,74,12,12,62,source_F,A,25
cifar100_strict,75,16,16,62,source_F,A,25
cifar100_strict,76,21,21,62,source_F,A,25
cifar100_strict,77,14,14,62,source_F,A,25
cifar100_strict,78,8,8,62,source_F,A,25
cifar100_strict,79,11,11,62,source_F,A,25
cifar100_strict,80,13,13,62,source_F,A,25
cifar100_strict,81,11,11,62,source_F,A,25
cifar100_strict,82,22,22,62,source_F,A,25
cifar100_strict,83,13,13,62,source_F,A,25
cifar100_strict,84,15,15,62,source_F,A,25
cifar100_strict,85,19,19,62,source_F,A,25
cifar100_strict,86,20,20,62,source_F,A,25
cifar100_strict,87,14,14,62,source_F,A,25
cifar100_strict,88,15,15,62,source_F,A,25
cifar100_strict,89,17,17,62,source_F,A,25
cifar100_strict,90,15,15,62,source_F,A,25
cifar100_strict,91,15,15,62,source_F,A,25
cifar100_strict,92,10,10,62,source_F,A,25
cifar100_strict,93,8,8,62,source_F,A,25
cifar100_strict,94,20,20,62,source_F,A,25
cifar100_strict,95,12,12,62,source_F,A,25
cifar100_strict,96,13,13,62,source_F,A,25
cifar100_strict,97,14,14,62,source_F,A,25
cifar100_strict,98,14,14,62,source_F,A,25
cifar100_strict,99,14,14,62,source_F,A,25
cifar100_strict,0,17,17,63,target_E,A,25
cifar100_strict,1,17,17,63,target_E,A,25
cifar100_strict,2,7,7,63,target_E,A,25
cifar100_strict,3,7,7,63,target_E,A,25
cifar100_strict,4,8,8,63,target_E,A,25
cifar100_strict,5,14,14,63,target_E,A,25
cifar100_strict,6,15,15,63,target_E,A,25
cifar100_strict,7,14,14,63,target_E,A,25
cifar100_strict,8,16,16,63,target_E,A,25
cifar100_strict,9,17,17,63,target_E,A,25
cifar100_strict,10,10,10,63,target_E,A,25
cifar100_strict,11,7,7,63,target_E,A,25
cifar100_strict,12,13,13,63,target_E,A,25
cifar100_strict,13,11,11,63,target_E,A,25
cifar100_strict,14,15,15,63,target_E,A,25
cifar100_strict,15,12,12,63,target_E,A,25
cifar100_strict,16,17,17,63,target_E,A,25
cifar100_strict,17,17,17,63,target_E,A,25
cifar100_strict,18,14,14,63,target_E,A,25
cifar100_strict,19,9,9,63,target_E,A,25
cifar100_strict,20,21,21,63,target_E,A,25
cifar100_strict,21,12,12,63,target_E,A,25
cifar100_strict,22,11,11,63,target_E,A,25
cifar100_strict,23,23,23,63,target_E,A,25
cifar100_strict,24,18,18,63,target_E,A,25
cifar100_strict,25,7,7,63,target_E,A,25
cifar100_strict,26,13,13,63,target_E,A,25
cifar100_strict,27,12,12,63,target_E,A,25
cifar100_strict,28,18,18,63,target_E,A,25
cifar100_strict,29,14,14,63,target_E,A,25
cifar100_strict,30,11,11,63,target_E,A,25
cifar100_strict,31,17,17,63,target_E,A,25
cifar100_strict,32,15,15,63,target_E,A,25
cifar100_strict,33,13,13,63,target_E,A,25
cifar100_strict,34,18,18,63,target_E,A,25
cifar100_strict,35,7,7,63,target_E,A,25
cifar100_strict,36,14,14,63,target_E,A,25
cifar100_strict,37,9,9,63,target_E,A,25
cifar100_strict,38,11,11,63,target_E,A,25
cifar100_strict,39,22,22,63,target_E,A,25
cifar100_strict,40,14,14,63,target_E,A,25
cifar100_strict,41,19,19,63,target_E,A,25
cifar100_strict,42,8,8,63,target_E,A,25
cifar100_strict,43,12,12,63,target_E,A,25
cifar100_strict,44,11,11,63,target_E,A,25
cifar100_strict,45,6,6,63,target_E,A,25
cifar100_strict,46,9,9,63,target_E,A,25
cifar100_strict,47,17,17,63,target_E,A,25
cifar100_strict,48,19,19,63,target_E,A,25
cifar100_strict,49,16,16,63,target_E,A,25
cifar100_strict,50,8,8,63,target_E,A,25
cifar100_strict,51,13,13,63,target_E,A,25
cifar100_strict,52,20,20,63,target_E,A,25
cifar100_strict,53,22,22,63,target_E,A,25
cifar100_strict,54,19,19,63,target_E,A,25
cifar100_strict,55,6,6,63,target_E,A,25
cifar100_strict,56,19,19,63,target_E,A,25
cifar100_strict,57,16,16,63,target_E,A,25
cifar100_strict,58,17,18,63,target_E,A,25
cifar100_strict,59,16,16,63,target_E,A,25
cifar100_strict,60,20,20,63,target_E,A,25
cifar100_strict,61,15,15,63,target_E,A,25
cifar100_strict,62,16,16,63,target_E,A,25
cifar100_strict,63,17,17,63,target_E,A,25
cifar100_strict,64,10,10,63,target_E,A,25
cifar100_strict,65,14,14,63,target_E,A,25
cifar100_strict,66,16,16,63,target_E,A,25
cifar100_strict,67,15,15,63,target_E,A,25
cifar100_strict,68,22,22,63,target_E,A,25
cifar100_strict,69,17,17,63,target_E,A,25
cifar100_strict,70,13,13,63,target_E,A,25
cifar100_strict,71,18,18,63,target_E,A,25
cifar100_strict,72,3,3,63,target_E,A,25
cifar100_strict,73,11,11,63,target_E,A,25
cifar100_strict,74,9,9,63,target_E,A,25
cifar100_strict,75,22,22,63,target_E,A,25
cifar100_strict,76,18,18,63,target_E,A,25
cifar100_strict,77,13,12,63,target_E,A,25
cifar100_strict,78,14,14,63,target_E,A,25
cifar100_strict,79,11,11,63,target_E,A,25
cifar100_strict,80,11,11,63,target_E,A,25
cifar100_strict,81,17,17,63,target_E,A,25
cifar100_strict,82,21,21,63,target_E,A,25
cifar100_strict,83,14,14,63,target_E,A,25
cifar100_strict,84,15,15,63,target_E,A,25
cifar100_strict,85,19,19,63,target_E,A,25
cifar100_strict,86,17,17,63,target_E,A,25
cifar100_strict,87,16,16,63,target_E,A,25
cifar100_strict,88,17,17,63,target_E,A,25
cifar100_strict,89,16,16,63,target_E,A,25
cifar100_strict,90,13,13,63,target_E,A,25
cifar100_strict,91,11,11,63,target_E,A,25
cifar100_strict,92,10,10,63,target_E,A,25
cifar100_strict,93,11,11,63,target_E,A,25
cifar100_strict,94,22,22,63,target_E,A,25
cifar100_strict,95,11,11,63,target_E,A,25
cifar100_strict,96,10,10,63,target_E,A,25
cifar100_strict,97,8,8,63,target_E,A,25
cifar100_strict,98,7,7,63,target_E,A,25
cifar100_strict,99,17,17,63,target_E,A,25
cifar100_strict,0,21,21,64,target_E,A,25
cifar100_strict,1,23,23,64,target_E,A,25
cifar100_strict,2,9,9,64,target_E,A,25
cifar100_strict,3,6,6,64,target_E,A,25
cifar100_strict,4,8,8,64,target_E,A,25
cifar100_strict,5,17,17,64,target_E,A,25
cifar100_strict,6,16,16,64,target_E,A,25
cifar100_strict,7,7,7,64,target_E,A,25
cifar100_strict,8,16,16,64,target_E,A,25
cifar100_strict,9,17,17,64,target_E,A,25
cifar100_strict,10,11,11,64,target_E,A,25
cifar100_strict,11,9,9,64,target_E,A,25
cifar100_strict,12,14,14,64,target_E,A,25
cifar100_strict,13,14,14,64,target_E,A,25
cifar100_strict,14,16,16,64,target_E,A,25
cifar100_strict,15,14,14,64,target_E,A,25
cifar100_strict,16,18,18,64,target_E,A,25
cifar100_strict,17,17,17,64,target_E,A,25
cifar100_strict,18,10,10,64,target_E,A,25
cifar100_strict,19,16,16,64,target_E,A,25
cifar100_strict,20,21,21,64,target_E,A,25
cifar100_strict,21,16,16,64,target_E,A,25
cifar100_strict,22,12,12,64,target_E,A,25
cifar100_strict,23,16,16,64,target_E,A,25
cifar100_strict,24,17,17,64,target_E,A,25
cifar100_strict,25,8,8,64,target_E,A,25
cifar100_strict,26,13,13,64,target_E,A,25
cifar100_strict,27,12,12,64,target_E,A,25
cifar100_strict,28,20,20,64,target_E,A,25
cifar100_strict,29,14,14,64,target_E,A,25
cifar100_strict,30,7,7,64,target_E,A,25
cifar100_strict,31,18,18,64,target_E,A,25
cifar100_strict,32,15,15,64,target_E,A,25
cifar100_strict,33,13,13,64,target_E,A,25
cifar100_strict,34,17,17,64,target_E,A,25
cifar100_strict,35,9,9,64,target_E,A,25
cifar100_strict,36,14,14,64,target_E,A,25
cifar100_strict,37,10,10,64,target_E,A,25
cifar100_strict,38,13,13,64,target_E,A,25
cifar100_strict,39,20,20,64,target_E,A,25
cifar100_strict,40,12,12,64,target_E,A,25
cifar100_strict,41,18,18,64,target_E,A,25
cifar100_strict,42,9,9,64,target_E,A,25
cifar100_strict,43,9,9,64,target_E,A,25
cifar100_strict,44,8,8,64,target_E,A,25
cifar100_strict,45,10,10,64,target_E,A,25
cifar100_strict,46,9,9,64,target_E,A,25
cifar100_strict,47,12,12,64,target_E,A,25
cifar100_strict,48,17,17,64,target_E,A,25
cifar100_strict,49,19,19,64,target_E,A,25
cifar100_strict,50,7,7,64,target_E,A,25
cifar100_strict,51,17,17,64,target_E,A,25
cifar100_strict,52,19,19,64,target_E,A,25
cifar100_strict,53,21,21,64,target_E,A,25
cifar100_strict,54,18,18,64,target_E,A,25
cifar100_strict,55,5,5,64,target_E,A,25
cifar100_strict,56,19,19,64,target_E,A,25
cifar100_strict,57,15,15,64,target_E,A,25
cifar100_strict,58,20,20,64,target_E,A,25
cifar100_strict,59,12,12,64,target_E,A,25
cifar100_strict,60,16,16,64,target_E,A,25
cifar100_strict,61,16,16,64,target_E,A,25
cifar100_strict,62,16,16,64,target_E,A,25
cifar100_strict,63,17,17,64,target_E,A,25
cifar100_strict,64,12,12,64,target_E,A,25
cifar100_strict,65,12,12,64,target_E,A,25
cifar100_strict,66,17,17,64,target_E,A,25
cifar100_strict,67,16,16,64,target_E,A,25
cifar100_strict,68,22,22,64,target_E,A,25
cifar100_strict,69,20,20,64,target_E,A,25
cifar100_strict,70,15,15,64,target_E,A,25
cifar100_strict,71,17,17,64,target_E,A,25
cifar100_strict,72,6,6,64,target_E,A,25
cifar100_strict,73,10,10,64,target_E,A,25
cifar100_strict,74,8,8,64,target_E,A,25
cifar100_strict,75,18,18,64,target_E,A,25
cifar100_strict,76,18,18,64,target_E,A,25
cifar100_strict,77,8,8,64,target_E,A,25
cifar100_strict,78,12,12,64,target_E,A,25
cifar100_strict,79,9,9,64,target_E,A,25
cifar100_strict,80,11,11,64,target_E,A,25
cifar100_strict,81,14,14,64,target_E,A,25
cifar100_strict,82,21,21,64,target_E,A,25
cifar100_strict,83,13,13,64,target_E,A,25
cifar100_strict,84,9,9,64,target_E,A,25
cifar100_strict,85,19,19,64,target_E,A,25
cifar100_strict,86,18,18,64,target_E,A,25
cifar100_strict,87,17,17,64,target_E,A,25
cifar100_strict,88,18,18,64,target_E,A,25
cifar100_strict,89,15,15,64,target_E,A,25
cifar100_strict,90,17,17,64,target_E,A,25
cifar100_strict,91,15,15,64,target_E,A,25
cifar100_strict,92,8,8,64,target_E,A,25
cifar100_strict,93,10,10,64,target_E,A,25
cifar100_strict,94,19,19,64,target_E,A,25
cifar100_strict,95,13,13,64,target_E,A,25
cifar100_strict,96,12,12,64,target_E,A,25
cifar100_strict,97,11,11,64,target_E,A,25
cifar100_strict,98,7,7,64,target_E,A,25
cifar100_strict,99,15,15,64,target_E,A,25
cifar100_strict,0,19,19,65,target_E,A,25
cifar100_strict,1,20,20,65,target_E,A,25
cifar100_strict,2,6,6,65,target_E,A,25
cifar100_strict,3,6,6,65,target_E,A,25
cifar100_strict,4,8,8,65,target_E,A,25
cifar100_strict,5,16,16,65,target_E,A,25
cifar100_strict,6,13,13,65,target_E,A,25
cifar100_strict,7,11,11,65,target_E,A,25
cifar100_strict,8,14,14,65,target_E,A,25
cifar100_strict,9,17,17,65,target_E,A,25
cifar100_strict,10,9,9,65,target_E,A,25
cifar100_strict,11,7,7,65,target_E,A,25
cifar100_strict,12,14,14,65,target_E,A,25
cifar100_strict,13,12,12,65,target_E,A,25
cifar100_strict,14,16,16,65,target_E,A,25
cifar100_strict,15,12,12,65,target_E,A,25
cifar100_strict,16,16,16,65,target_E,A,25
cifar100_strict,17,18,18,65,target_E,A,25
cifar100_strict,18,12,12,65,target_E,A,25
cifar100_strict,19,14,14,65,target_E,A,25
cifar100_strict,20,20,20,65,target_E,A,25
cifar100_strict,21,14,14,65,target_E,A,25
cifar100_strict,22,13,13,65,target_E,A,25
cifar100_strict,23,16,16,65,target_E,A,25
cifar100_strict,24,17,17,65,target_E,A,25
cifar100_strict,25,9,9,65,target_E,A,25
cifar100_strict,26,11,11,65,target_E,A,25
cifar100_strict,27,13,13,65,target_E,A,25
cifar100_strict,28,20,20,65,target_E,A,25
cifar100_strict,29,16,16,65,target_E,A,25
cifar100_strict,30,10,10,65,target_E,A,25
cifar100_strict,31,13,13,65,target_E,A,25
cifar100_strict,32,13,13,65,target_E,A,25
cifar100_strict,33,14,14,65,target_E,A,25
cifar100_strict,34,17,17,65,target_E,A,25
cifar100_strict,35,14,14,65,target_E,A,25
cifar100_strict,36,13,13,65,target_E,A,25
cifar100_strict,37,12,12,65,target_E,A,25
cifar100_strict,38,13,13,65,target_E,A,25
cifar100_strict,39,21,21,65,target_E,A,25
cifar100_strict,40,13,13,65,target_E,A,25
cifar100_strict,41,17,17,65,target_E,A,25
cifar100_strict,42,9,9,65,target_E,A,25
cifar100_strict,43,11,11,65,target_E,A,25
cifar100_strict,44,11,11,65,target_E,A,25
cifar100_strict,45,8,8,65,target_E,A,25
cifar100_strict,46,8,8,65,target_E,A,25
cifar100_strict,47,16,16,65,target_E,A,25
cifar100_strict,48,20,20,65,target_E,A,25
cifar100_strict,49,19,19,65,target_E,A,25
cifar100_strict,50,4,4,65,target_E,A,25
cifar100_strict,51,15,15,65,target_E,A,25
cifar100_strict,52,18,18,65,target_E,A,25
cifar100_strict,53,21,21,65,target_E,A,25
cifar100_strict,54,16,16,65,target_E,A,25
cifar100_strict,55,8,8,65,target_E,A,25
cifar100_strict,56,20,20,65,target_E,A,25
cifar100_strict,57,14,14,65,target_E,A,25
cifar100_strict,58,19,19,65,target_E,A,25
cifar100_strict,59,13,13,65,target_E,A,25
cifar100_strict,60,18,18,65,target_E,A,25
cifar100_strict,61,14,14,65,target_E,A,25
cifar100_strict,62,21,21,65,target_E,A,25
cifar100_strict,63,17,17,65,target_E,A,25
cifar100_strict,64,13,13,65,target_E,A,25
cifar100_strict,65,14,14,65,target_E,A,25
cifar100_strict,66,15,15,65,target_E,A,25
cifar100_strict,67,14,14,65,target_E,A,25
cifar100_strict,68,24,24,65,target_E,A,25
cifar100_strict,69,18,18,65,target_E,A,25
cifar100_strict,70,15,15,65,target_E,A,25
cifar100_strict,71,22,22,65,target_E,A,25
cifar100_strict,72,9,9,65,target_E,A,25
cifar100_strict,73,10,10,65,target_E,A,25
cifar100_strict,74,8,8,65,target_E,A,25
cifar100_strict,75,20,20,65,target_E,A,25
cifar100_strict,76,20,20,65,target_E,A,25
cifar100_strict,77,10,10,65,target_E,A,25
cifar100_strict,78,15,15,65,target_E,A,25
cifar100_strict,79,12,12,65,target_E,A,25
cifar100_strict,80,11,11,65,target_E,A,25
cifar100_strict,81,13,13,65,target_E,A,25
cifar100_strict,82,20,20,65,target_E,A,25
cifar100_strict,83,18,18,65,target_E,A,25
cifar100_strict,84,12,12,65,target_E,A,25
cifar100_strict,85,19,19,65,target_E,A,25
cifar100_strict,86,19,19,65,target_E,A,25
cifar100_strict,87,19,19,65,target_E,A,25
cifar100_strict,88,19,19,65,target_E,A,25
cifar100_strict,89,18,18,65,target_E,A,25
cifar100_strict,90,18,18,65,target_E,A,25
cifar100_strict,91,12,12,65,target_E,A,25
cifar100_strict,92,11,11,65,target_E,A,25
cifar100_strict,93,12,12,65,target_E,A,25
cifar100_strict,94,23,23,65,target_E,A,25
cifar100_strict,95,14,14,65,target_E,A,25
cifar100_strict,96,11,11,65,target_E,A,25
cifar100_strict,97,11,11,65,target_E,A,25
cifar100_strict,98,6,6,65,target_E,A,25
cifar100_strict,99,14,14,65,target_E,A,25
cifar100_strict,0,19,20,60,source_F,C,25
cifar100_strict,1,14,14,60,source_F,C,25
cifar100_strict,2,8,6,60,source_F,C,25
cifar100_strict,3,12,9,60,source_F,C,25
cifar100_strict,4,9,5,60,source_F,C,25
cifar100_strict,5,14,14,60,source_F,C,25
cifar100_strict,6,13,12,60,source_F,C,25
cifar100_strict,7,13,10,60,source_F,C,25
cifar100_strict,8,18,20,60,source_F,C,25
cifar100_strict,9,12,15,60,source_F,C,25
cifar100_strict,10,11,10,60,source_F,C,25
cifar100_strict,11,5,9,60,source_F,C,25
cifar100_strict,12,13,14,60,source_F,C,25
cifar100_strict,13,11,11,60,source_F,C,25
cifar100_strict,14,16,18,60,source_F,C,25
cifar100_strict,15,14,13,60,source_F,C,25
cifar100_strict,16,16,18,60,source_F,C,25
cifar100_strict,17,20,19,60,source_F,C,25
cifar100_strict,18,13,13,60,source_F,C,25
cifar100_strict,19,11,14,60,source_F,C,25
cifar100_strict,20,23,22,60,source_F,C,25
cifar100_strict,21,17,21,60,source_F,C,25
cifar100_strict,22,17,13,60,source_F,C,25
cifar100_strict,23,18,18,60,source_F,C,25
cifar100_strict,24,16,14,60,source_F,C,25
cifar100_strict,25,11,9,60,source_F,C,25
cifar100_strict,26,8,6,60,source_F,C,25
cifar100_strict,27,11,11,60,source_F,C,25
cifar100_strict,28,15,19,60,source_F,C,25
cifar100_strict,29,12,11,60,source_F,C,25
cifar100_strict,30,15,18,60,source_F,C,25
cifar100_strict,31,21,18,60,source_F,C,25
cifar100_strict,32,12,11,60,source_F,C,25
cifar100_strict,33,18,16,60,source_F,C,25
cifar100_strict,34,14,14,60,source_F,C,25
cifar100_strict,35,7,6,60,source_F,C,25
cifar100_strict,36,17,17,60,source_F,C,25
cifar100_strict,37,14,13,60,source_F,C,25
cifar100_strict,38,8,5,60,source_F,C,25
cifar100_strict,39,18,19,60,source_F,C,25
cifar100_strict,40,15,16,60,source_F,C,25
cifar100_strict,41,19,21,60,source_F,C,25
cifar100_strict,42,13,12,60,source_F,C,25
cifar100_strict,43,18,19,60,source_F,C,25
cifar100_strict,44,5,9,60,source_F,C,25
cifar100_strict,45,6,7,60,source_F,C,25
cifar100_strict,46,10,11,60,source_F,C,25
cifar100_strict,47,15,16,60,source_F,C,25
cifar100_strict,48,19,19,60,source_F,C,25
cifar100_strict,49,19,20,60,source_F,C,25
cifar100_strict,50,9,6,60,source_F,C,25
cifar100_strict,51,15,12,60,source_F,C,25
cifar100_strict,52,18,19,60,source_F,C,25
cifar100_strict,53,24,21,60,source_F,C,25
cifar100_strict,54,19,19,60,source_F,C,25
cifar100_strict,55,3,1,60,source_F,C,25
cifar100_strict,56,18,21,60,source_F,C,25
cifar100_strict,57,13,13,60,source_F,C,25
cifar100_strict,58,17,18,60,source_F,C,25
cifar100_strict,59,9,10,60,source_F,C,25
cifar100_strict,60,22,21,60,source_F,C,25
cifar100_strict,61,18,19,60,source_F,C,25
cifar100_strict,62,16,18,60,source_F,C,25
cifar100_strict,63,12,12,60,source_F,C,25
cifar100_strict,64,15,14,60,source_F,C,25
cifar100_strict,65,10,11,60,source_F,C,25
cifar100_strict,66,9,11,60,source_F,C,25
cifar100_strict,67,15,17,60,source_F,C,25
cifar100_strict,68,18,21,60,source_F,C,25
cifar100_strict,69,20,21,60,source_F,C,25
cifar100_strict,70,15,16,60,source_F,C,25
cifar100_strict,71,18,19,60,source_F,C,25
cifar100_strict,72,9,5,60,source_F,C,25
cifar100_strict,73,10,12,60,source_F,C,25
cifar100_strict,74,11,9,60,source_F,C,25
cifar100_strict,75,20,21,60,source_F,C,25
cifar100_strict,76,22,20,60,source_F,C,25
cifar100_strict,77,9,14,60,source_F,C,25
cifar100_strict,78,9,11,60,source_F,C,25
cifar100_strict,79,14,14,60,source_F,C,25
cifar100_strict,80,10,8,60,source_F,C,25
cifar100_strict,81,10,8,60,source_F,C,25
cifar100_strict,82,21,22,60,source_F,C,25
cifar100_strict,83,11,13,60,source_F,C,25
cifar100_strict,84,14,13,60,source_F,C,25
cifar100_strict,85,18,21,60,source_F,C,25
cifar100_strict,86,16,16,60,source_F,C,25
cifar100_strict,87,18,18,60,source_F,C,25
cifar100_strict,88,15,16,60,source_F,C,25
cifar100_strict,89,14,14,60,source_F,C,25
cifar100_strict,90,13,13,60,source_F,C,25
cifar100_strict,91,17,15,60,source_F,C,25
cifar100_strict,92,12,12,60,source_F,C,25
cifar100_strict,93,8,7,60,source_F,C,25
cifar100_strict,94,22,22,60,source_F,C,25
cifar100_strict,95,16,13,60,source_F,C,25
cifar100_strict,96,13,12,60,source_F,C,25
cifar100_strict,97,11,13,60,source_F,C,25
cifar100_strict,98,11,12,60,source_F,C,25
cifar100_strict,99,15,19,60,source_F,C,25
cifar100_strict,0,19,21,61,source_F,C,25
cifar100_strict,1,12,14,61,source_F,C,25
cifar100_strict,2,15,9,61,source_F,C,25
cifar100_strict,3,12,13,61,source_F,C,25
cifar100_strict,4,6,6,61,source_F,C,25
cifar100_strict,5,14,13,61,source_F,C,25
cifar100_strict,6,14,13,61,source_F,C,25
cifar100_strict,7,12,10,61,source_F,C,25
cifar100_strict,8,21,19,61,source_F,C,25
cifar100_strict,9,12,15,61,source_F,C,25
cifar100_strict,10,9,11,61,source_F,C,25
cifar100_strict,11,7,7,61,source_F,C,25
cifar100_strict,12,13,13,61,source_F,C,25
cifar100_strict,13,9,11,61,source_F,C,25
cifar100_strict,14,17,16,61,source_F,C,25
cifar100_strict,15,13,15,61,source_F,C,25
cifar100_strict,16,16,17,61,source_F,C,25
cifar100_strict,17,20,18,61,source_F,C,25
cifar100_strict,18,13,12,61,source_F,C,25
cifar100_strict,19,14,12,61,source_F,C,25
cifar100_strict,20,23,20,61,source_F,C,25
cifar100_strict,21,18,19,61,source_F,C,25
cifar100_strict,22,17,14,61,source_F,C,25
cifar100_strict,23,15,20,61,source_F,C,25
cifar100_strict,24,19,18,61,source_F,C,25
cifar100_strict,25,15,12,61,source_F,C,25
cifar100_strict,26,8,7,61,source_F,C,25
cifar100_strict,27,7,9,61,source_F,C,25
cifar100_strict,28,20,20,61,source_F,C,25
cifar100_strict,29,12,11,61,source_F,C,25
cifar100_strict,30,13,16,61,source_F,C,25
cifar100_strict,31,18,18,61,source_F,C,25
cifar100_strict,32,13,10,61,source_F,C,25
cifar100_strict,33,17,15,61,source_F,C,25
cifar100_strict,34,13,9,61,source_F,C,25
cifar100_strict,35,8,7,61,source_F,C,25
cifar100_strict,36,18,17,61,source_F,C,25
cifar100_strict,37,11,15,61,source_F,C,25
cifar100_strict,38,8,9,61,source_F,C,25
cifar100_strict,39,18,17,61,source_F,C,25
cifar100_strict,40,16,18,61,source_F,C,25
cifar100_strict,41,20,23,61,source_F,C,25
cifar100_strict,42,15,15,61,source_F,C,25
cifar100_strict,43,19,20,61,source_F,C,25
cifar100_strict,44,7,5,61,source_F,C,25
cifar100_strict,45,7,10,61,source_F,C,25
cifar100_strict,46,10,7,61,source_F,C,25
cifar100_strict,47,18,15,61,source_F,C,25
cifar100_strict,48,19,17,61,source_F,C,25
cifar100_strict,49,21,19,61,source_F,C,25
cifar100_strict,50,7,8,61,source_F,C,25
cifar100_strict,51,9,11,61,source_F,C,25
cifar100_strict,52,18,17,61,source_F,C,25
cifar100_strict,53,22,20,61,source_F,C,25
cifar100_strict,54,17,18,61,source_F,C,25
cifar100_strict,55,3,2,61,source_F,C,25
cifar100_strict,56,20,22,61,source_F,C,25
cifar100_strict,57,11,13,61,source_F,C,25
cifar100_strict,58,20,19,61,source_F,C,25
cifar100_strict,59,12,14,61,source_F,C,25
cifar100_strict,60,21,21,61,source_F,C,25
cifar100_strict,61,19,17,61,source_F,C,25
cifar100_strict,62,15,13,61,source_F,C,25
cifar100_strict,63,13,12,61,source_F,C,25
cifar100_strict,64,13,9,61,source_F,C,25
cifar100_strict,65,8,8,61,source_F,C,25
cifar100_strict,66,9,9,61,source_F,C,25
cifar100_strict,67,16,12,61,source_F,C,25
cifar100_strict,68,18,18,61,source_F,C,25
cifar100_strict,69,19,20,61,source_F,C,25
cifar100_strict,70,18,14,61,source_F,C,25
cifar100_strict,71,15,19,61,source_F,C,25
cifar100_strict,72,6,7,61,source_F,C,25
cifar100_strict,73,7,12,61,source_F,C,25
cifar100_strict,74,11,9,61,source_F,C,25
cifar100_strict,75,20,18,61,source_F,C,25
cifar100_strict,76,18,21,61,source_F,C,25
cifar100_strict,77,10,11,61,source_F,C,25
cifar100_strict,78,8,10,61,source_F,C,25
cifar100_strict,79,12,13,61,source_F,C,25
cifar100_strict,80,8,11,61,source_F,C,25
cifar100_strict,81,13,10,61,source_F,C,25
cifar100_strict,82,22,23,61,source_F,C,25
cifar100_strict,83,16,16,61,source_F,C,25
cifar100_strict,84,13,15,61,source_F,C,25
cifar100_strict,85,17,16,61,source_F,C,25
cifar100_strict,86,16,16,61,source_F,C,25
cifar100_strict,87,14,15,61,source_F,C,25
cifar100_strict,88,12,12,61,source_F,C,25
cifar100_strict,89,10,13,61,source_F,C,25
cifar100_strict,90,12,14,61,source_F,C,25
cifar100_strict,91,15,16,61,source_F,C,25
cifar100_strict,92,8,11,61,source_F,C,25
cifar100_strict,93,10,13,61,source_F,C,25
cifar100_strict,94,22,22,61,source_F,C,25
cifar100_strict,95,14,15,61,source_F,C,25
cifar100_strict,96,13,13,61,source_F,C,25
cifar100_strict,97,12,13,61,source_F,C,25
cifar100_strict,98,10,10,61,source_F,C,25
cifar100_strict,99,13,16,61,source_F,C,25
cifar100_strict,0,19,22,62,source_F,C,25
cifar100_strict,1,17,16,62,source_F,C,25
cifar100_strict,2,9,8,62,source_F,C,25
cifar100_strict,3,10,11,62,source_F,C,25
cifar100_strict,4,6,7,62,source_F,C,25
cifar100_strict,5,12,10,62,source_F,C,25
cifar100_strict,6,10,14,62,source_F,C,25
cifar100_strict,7,12,11,62,source_F,C,25
cifar100_strict,8,20,21,62,source_F,C,25
cifar100_strict,9,15,13,62,source_F,C,25
cifar100_strict,10,11,12,62,source_F,C,25
cifar100_strict,11,5,5,62,source_F,C,25
cifar100_strict,12,13,16,62,source_F,C,25
cifar100_strict,13,10,10,62,source_F,C,25
cifar100_strict,14,11,17,62,source_F,C,25
cifar100_strict,15,13,16,62,source_F,C,25
cifar100_strict,16,14,15,62,source_F,C,25
cifar100_strict,17,18,16,62,source_F,C,25
cifar100_strict,18,14,12,62,source_F,C,25
cifar100_strict,19,13,14,62,source_F,C,25
cifar100_strict,20,20,20,62,source_F,C,25
cifar100_strict,21,17,20,62,source_F,C,25
cifar100_strict,22,17,17,62,source_F,C,25
cifar100_strict,23,17,18,62,source_F,C,25
cifar100_strict,24,16,19,62,source_F,C,25
cifar100_strict,25,14,13,62,source_F,C,25
cifar100_strict,26,11,9,62,source_F,C,25
cifar100_strict,27,10,13,62,source_F,C,25
cifar100_strict,28,19,16,62,source_F,C,25
cifar100_strict,29,13,13,62,source_F,C,25
cifar100_strict,30,16,15,62,source_F,C,25
cifar100_strict,31,16,17,62,source_F,C,25
cifar100_strict,32,8,13,62,source_F,C,25
cifar100_strict,33,14,15,62,source_F,C,25
cifar100_strict,34,12,12,62,source_F,C,25
cifar100_strict,35,7,5,62,source_F,C,25
cifar100_strict,36,16,16,62,source_F,C,25
cifar100_strict,37,13,16,62,source_F,C,25
cifar100_strict,38,11,10,62,source_F,C,25
cifar100_strict,39,17,19,62,source_F,C,25
cifar100_strict,40,17,17,62,source_F,C,25
cifar100_strict,41,21,22,62,source_F,C,25
cifar100_strict,42,14,13,62,source_F,C,25
cifar100_strict,43,16,21,62,source_F,C,25
cifar100_strict,44,8,8,62,source_F,C,25
cifar100_strict,45,7,10,62,source_F,C,25
cifar100_strict,46,5,8,62,source_F,C,25
cifar100_strict,47,15,12,62,source_F,C,25
cifar100_strict,48,18,18,62,source_F,C,25
cifar100_strict,49,17,21,62,source_F,C,25
cifar100_strict,50,7,6,62,source_F,C,25
cifar100_strict,51,13,14,62,source_F,C,25
cifar100_strict,52,20,19,62,source_F,C,25
cifar100_strict,53,19,20,62,source_F,C,25
cifar100_strict,54,17,18,62,source_F,C,25
cifar100_strict,55,6,3,62,source_F,C,25
cifar100_strict,56,19,20,62,source_F,C,25
cifar100_strict,57,13,11,62,source_F,C,25
cifar100_strict,58,18,17,62,source_F,C,25
cifar100_strict,59,15,12,62,source_F,C,25
cifar100_strict,60,22,22,62,source_F,C,25
cifar100_strict,61,14,14,62,source_F,C,25
cifar100_strict,62,17,14,62,source_F,C,25
cifar100_strict,63,12,13,62,source_F,C,25
cifar100_strict,64,10,8,62,source_F,C,25
cifar100_strict,65,13,10,62,source_F,C,25
cifar100_strict,66,11,8,62,source_F,C,25
cifar100_strict,67,13,11,62,source_F,C,25
cifar100_strict,68,20,20,62,source_F,C,25
cifar100_strict,69,20,21,62,source_F,C,25
cifar100_strict,70,15,16,62,source_F,C,25
cifar100_strict,71,16,17,62,source_F,C,25
cifar100_strict,72,6,6,62,source_F,C,25
cifar100_strict,73,12,11,62,source_F,C,25
cifar100_strict,74,12,12,62,source_F,C,25
cifar100_strict,75,16,20,62,source_F,C,25
cifar100_strict,76,21,22,62,source_F,C,25
cifar100_strict,77,14,15,62,source_F,C,25
cifar100_strict,78,8,11,62,source_F,C,25
cifar100_strict,79,11,13,62,source_F,C,25
cifar100_strict,80,13,11,62,source_F,C,25
cifar100_strict,81,11,8,62,source_F,C,25
cifar100_strict,82,22,22,62,source_F,C,25
cifar100_strict,83,13,15,62,source_F,C,25
cifar100_strict,84,15,14,62,source_F,C,25
cifar100_strict,85,19,17,62,source_F,C,25
cifar100_strict,86,20,18,62,source_F,C,25
cifar100_strict,87,14,11,62,source_F,C,25
cifar100_strict,88,15,13,62,source_F,C,25
cifar100_strict,89,17,14,62,source_F,C,25
cifar100_strict,90,15,17,62,source_F,C,25
cifar100_strict,91,15,18,62,source_F,C,25
cifar100_strict,92,10,10,62,source_F,C,25
cifar100_strict,93,8,9,62,source_F,C,25
cifar100_strict,94,20,21,62,source_F,C,25
cifar100_strict,95,12,11,62,source_F,C,25
cifar100_strict,96,13,9,62,source_F,C,25
cifar100_strict,97,14,12,62,source_F,C,25
cifar100_strict,98,14,12,62,source_F,C,25
cifar100_strict,99,14,19,62,source_F,C,25
cifar100_strict,0,17,18,63,target_E,C,25
cifar100_strict,1,17,21,63,target_E,C,25
cifar100_strict,2,7,11,63,target_E,C,25
cifar100_strict,3,7,7,63,target_E,C,25
cifar100_strict,4,8,10,63,target_E,C,25
cifar100_strict,5,14,17,63,target_E,C,25
cifar100_strict,6,15,15,63,target_E,C,25
cifar100_strict,7,14,15,63,target_E,C,25
cifar100_strict,8,16,16,63,target_E,C,25
cifar100_strict,9,17,18,63,target_E,C,25
cifar100_strict,10,10,10,63,target_E,C,25
cifar100_strict,11,7,6,63,target_E,C,25
cifar100_strict,12,13,15,63,target_E,C,25
cifar100_strict,13,11,11,63,target_E,C,25
cifar100_strict,14,15,14,63,target_E,C,25
cifar100_strict,15,12,14,63,target_E,C,25
cifar100_strict,16,17,18,63,target_E,C,25
cifar100_strict,17,17,16,63,target_E,C,25
cifar100_strict,18,14,13,63,target_E,C,25
cifar100_strict,19,9,13,63,target_E,C,25
cifar100_strict,20,21,21,63,target_E,C,25
cifar100_strict,21,12,17,63,target_E,C,25
cifar100_strict,22,11,12,63,target_E,C,25
cifar100_strict,23,23,19,63,target_E,C,25
cifar100_strict,24,18,18,63,target_E,C,25
cifar100_strict,25,7,8,63,target_E,C,25
cifar100_strict,26,13,14,63,target_E,C,25
cifar100_strict,27,12,12,63,target_E,C,25
cifar100_strict,28,18,20,63,target_E,C,25
cifar100_strict,29,14,15,63,target_E,C,25
cifar100_strict,30,11,11,63,target_E,C,25
cifar100_strict,31,17,15,63,target_E,C,25
cifar100_strict,32,15,14,63,target_E,C,25
cifar100_strict,33,13,15,63,target_E,C,25
cifar100_strict,34,18,16,63,target_E,C,25
cifar100_strict,35,7,7,63,target_E,C,25
cifar100_strict,36,14,13,63,target_E,C,25
cifar100_strict,37,9,10,63,target_E,C,25
cifar100_strict,38,11,10,63,target_E,C,25
cifar100_strict,39,22,20,63,target_E,C,25
cifar100_strict,40,14,12,63,target_E,C,25
cifar100_strict,41,19,19,63,target_E,C,25
cifar100_strict,42,8,8,63,target_E,C,25
cifar100_strict,43,12,11,63,target_E,C,25
cifar100_strict,44,11,8,63,target_E,C,25
cifar100_strict,45,6,12,63,target_E,C,25
cifar100_strict,46,9,8,63,target_E,C,25
cifar100_strict,47,17,14,63,target_E,C,25
cifar100_strict,48,19,20,63,target_E,C,25
cifar100_strict,49,16,15,63,target_E,C,25
cifar100_strict,50,8,6,63,target_E,C,25
cifar100_strict,51,13,12,63,target_E,C,25
cifar100_strict,52,20,19,63,target_E,C,25
cifar100_strict,53,22,21,63,target_E,C,25
cifar100_strict,54,19,18,63,target_E,C,25
cifar100_strict,55,6,4,63,target_E,C,25
cifar100_strict,56,19,19,63,target_E,C,25
cifar100_strict,57,16,14,63,target_E,C,25
cifar100_strict,58,17,18,63,target_E,C,25
cifar100_strict,59,16,16,63,target_E,C,25
cifar100_strict,60,20,18,63,target_E,C,25
cifar100_strict,61,15,17,63,target_E,C,25
cifar100_strict,62,16,16,63,target_E,C,25
cifar100_strict,63,17,16,63,target_E,C,25
cifar100_strict,64,10,8,63,target_E,C,25
cifar100_strict,65,14,11,63,target_E,C,25
cifar100_strict,66,16,15,63,target_E,C,25
cifar100_strict,67,15,15,63,target_E,C,25
cifar100_strict,68,22,22,63,target_E,C,25
cifar100_strict,69,17,18,63,target_E,C,25
cifar100_strict,70,13,11,63,target_E,C,25
cifar100_strict,71,18,19,63,target_E,C,25
cifar100_strict,72,3,4,63,target_E,C,25
cifar100_strict,73,11,8,63,target_E,C,25
cifar100_strict,74,9,9,63,target_E,C,25
cifar100_strict,75,22,19,63,target_E,C,25
cifar100_strict,76,18,19,63,target_E,C,25
cifar100_strict,77,13,10,63,target_E,C,25
cifar100_strict,78,14,14,63,target_E,C,25
cifar100_strict,79,11,11,63,target_E,C,25
cifar100_strict,80,11,13,63,target_E,C,25
cifar100_strict,81,17,17,63,target_E,C,25
cifar100_strict,82,21,19,63,target_E,C,25
cifar100_strict,83,14,14,63,target_E,C,25
cifar100_strict,84,15,13,63,target_E,C,25
cifar100_strict,85,19,18,63,target_E,C,25
cifar100_strict,86,17,19,63,target_E,C,25
cifar100_strict,87,16,16,63,target_E,C,25
cifar100_strict,88,17,17,63,target_E,C,25
cifar100_strict,89,16,17,63,target_E,C,25
cifar100_strict,90,13,15,63,target_E,C,25
cifar100_strict,91,11,9,63,target_E,C,25
cifar100_strict,92,10,10,63,target_E,C,25
cifar100_strict,93,11,10,63,target_E,C,25
cifar100_strict,94,22,21,63,target_E,C,25
cifar100_strict,95,11,11,63,target_E,C,25
cifar100_strict,96,10,13,63,target_E,C,25
cifar100_strict,97,8,8,63,target_E,C,25
cifar100_strict,98,7,6,63,target_E,C,25
cifar100_strict,99,17,15,63,target_E,C,25
cifar100_strict,0,21,19,64,target_E,C,25
cifar100_strict,1,23,20,64,target_E,C,25
cifar100_strict,2,9,10,64,target_E,C,25
cifar100_strict,3,6,8,64,target_E,C,25
cifar100_strict,4,8,7,64,target_E,C,25
cifar100_strict,5,17,15,64,target_E,C,25
cifar100_strict,6,16,15,64,target_E,C,25
cifar100_strict,7,7,10,64,target_E,C,25
cifar100_strict,8,16,18,64,target_E,C,25
cifar100_strict,9,17,17,64,target_E,C,25
cifar100_strict,10,11,13,64,target_E,C,25
cifar100_strict,11,9,7,64,target_E,C,25
cifar100_strict,12,14,13,64,target_E,C,25
cifar100_strict,13,14,14,64,target_E,C,25
cifar100_strict,14,16,17,64,target_E,C,25
cifar100_strict,15,14,15,64,target_E,C,25
cifar100_strict,16,18,18,64,target_E,C,25
cifar100_strict,17,17,17,64,target_E,C,25
cifar100_strict,18,10,15,64,target_E,C,25
cifar100_strict,19,16,12,64,target_E,C,25
cifar100_strict,20,21,22,64,target_E,C,25
cifar100_strict,21,16,14,64,target_E,C,25
cifar100_strict,22,12,14,64,target_E,C,25
cifar100_strict,23,16,18,64,target_E,C,25
cifar100_strict,24,17,20,64,target_E,C,25
cifar100_strict,25,8,8,64,target_E,C,25
cifar100_strict,26,13,12,64,target_E,C,25
cifar100_strict,27,12,10,64,target_E,C,25
cifar100_strict,28,20,18,64,target_E,C,25
cifar100_strict,29,14,15,64,target_E,C,25
cifar100_strict,30,7,8,64,target_E,C,25
cifar100_strict,31,18,16,64,target_E,C,25
cifar100_strict,32,15,16,64,target_E,C,25
cifar100_strict,33,13,14,64,target_E,C,25
cifar100_strict,34,17,18,64,target_E,C,25
cifar100_strict,35,9,6,64,target_E,C,25
cifar100_strict,36,14,14,64,target_E,C,25
cifar100_strict,37,10,13,64,target_E,C,25
cifar100_strict,38,13,12,64,target_E,C,25
cifar100_strict,39,20,22,64,target_E,C,25
cifar100_strict,40,12,13,64,target_E,C,25
cifar100_strict,41,18,20,64,target_E,C,25
cifar100_strict,42,9,11,64,target_E,C,25
cifar100_strict,43,9,10,64,target_E,C,25
cifar100_strict,44,8,8,64,target_E,C,25
cifar100_strict,45,10,11,64,target_E,C,25
cifar100_strict,46,9,9,64,target_E,C,25
cifar100_strict,47,12,11,64,target_E,C,25
cifar100_strict,48,17,19,64,target_E,C,25
cifar100_strict,49,19,21,64,target_E,C,25
cifar100_strict,50,7,8,64,target_E,C,25
cifar100_strict,51,17,16,64,target_E,C,25
cifar100_strict,52,19,22,64,target_E,C,25
cifar100_strict,53,21,20,64,target_E,C,25
cifar100_strict,54,18,18,64,target_E,C,25
cifar100_strict,55,5,5,64,target_E,C,25
cifar100_strict,56,19,21,64,target_E,C,25
cifar100_strict,57,15,17,64,target_E,C,25
cifar100_strict,58,20,20,64,target_E,C,25
cifar100_strict,59,12,12,64,target_E,C,25
cifar100_strict,60,16,17,64,target_E,C,25
cifar100_strict,61,16,17,64,target_E,C,25
cifar100_strict,62,16,21,64,target_E,C,25
cifar100_strict,63,17,20,64,target_E,C,25
cifar100_strict,64,12,11,64,target_E,C,25
cifar100_strict,65,12,10,64,target_E,C,25
cifar100_strict,66,17,16,64,target_E,C,25
cifar100_strict,67,16,16,64,target_E,C,25
cifar100_strict,68,22,22,64,target_E,C,25
cifar100_strict,69,20,20,64,target_E,C,25
cifar100_strict,70,15,15,64,target_E,C,25
cifar100_strict,71,17,18,64,target_E,C,25
cifar100_strict,72,6,6,64,target_E,C,25
cifar100_strict,73,10,10,64,target_E,C,25
cifar100_strict,74,8,9,64,target_E,C,25
cifar100_strict,75,18,18,64,target_E,C,25
cifar100_strict,76,18,20,64,target_E,C,25
cifar100_strict,77,8,11,64,target_E,C,25
cifar100_strict,78,12,12,64,target_E,C,25
cifar100_strict,79,9,10,64,target_E,C,25
cifar100_strict,80,11,11,64,target_E,C,25
cifar100_strict,81,14,15,64,target_E,C,25
cifar100_strict,82,21,20,64,target_E,C,25
cifar100_strict,83,13,16,64,target_E,C,25
cifar100_strict,84,9,13,64,target_E,C,25
cifar100_strict,85,19,19,64,target_E,C,25
cifar100_strict,86,18,18,64,target_E,C,25
cifar100_strict,87,17,17,64,target_E,C,25
cifar100_strict,88,18,19,64,target_E,C,25
cifar100_strict,89,15,17,64,target_E,C,25
cifar100_strict,90,17,19,64,target_E,C,25
cifar100_strict,91,15,12,64,target_E,C,25
cifar100_strict,92,8,11,64,target_E,C,25
cifar100_strict,93,10,11,64,target_E,C,25
cifar100_strict,94,19,20,64,target_E,C,25
cifar100_strict,95,13,14,64,target_E,C,25
cifar100_strict,96,12,14,64,target_E,C,25
cifar100_strict,97,11,7,64,target_E,C,25
cifar100_strict,98,7,10,64,target_E,C,25
cifar100_strict,99,15,14,64,target_E,C,25
cifar100_strict,0,19,20,65,target_E,C,25
cifar100_strict,1,20,18,65,target_E,C,25
cifar100_strict,2,6,8,65,target_E,C,25
cifar100_strict,3,6,7,65,target_E,C,25
cifar100_strict,4,8,10,65,target_E,C,25
cifar100_strict,5,16,15,65,target_E,C,25
cifar100_strict,6,13,14,65,target_E,C,25
cifar100_strict,7,11,10,65,target_E,C,25
cifar100_strict,8,14,18,65,target_E,C,25
cifar100_strict,9,17,17,65,target_E,C,25
cifar100_strict,10,9,9,65,target_E,C,25
cifar100_strict,11,7,7,65,target_E,C,25
cifar100_strict,12,14,14,65,target_E,C,25
cifar100_strict,13,12,9,65,target_E,C,25
cifar100_strict,14,16,19,65,target_E,C,25
cifar100_strict,15,12,15,65,target_E,C,25
cifar100_strict,16,16,18,65,target_E,C,25
cifar100_strict,17,18,18,65,target_E,C,25
cifar100_strict,18,12,13,65,target_E,C,25
cifar100_strict,19,14,16,65,target_E,C,25
cifar100_strict,20,20,19,65,target_E,C,25
cifar100_strict,21,14,15,65,target_E,C,25
cifar100_strict,22,13,15,65,target_E,C,25
cifar100_strict,23,16,17,65,target_E,C,25
cifar100_strict,24,17,17,65,target_E,C,25
cifar100_strict,25,9,12,65,target_E,C,25
cifar100_strict,26,11,13,65,target_E,C,25
cifar100_strict,27,13,13,65,target_E,C,25
cifar100_strict,28,20,19,65,target_E,C,25
cifar100_strict,29,16,15,65,target_E,C,25
cifar100_strict,30,10,9,65,target_E,C,25
cifar100_strict,31,13,15,65,target_E,C,25
cifar100_strict,32,13,14,65,target_E,C,25
cifar100_strict,33,14,17,65,target_E,C,25
cifar100_strict,34,17,18,65,target_E,C,25
cifar100_strict,35,14,11,65,target_E,C,25
cifar100_strict,36,13,15,65,target_E,C,25
cifar100_strict,37,12,15,65,target_E,C,25
cifar100_strict,38,13,13,65,target_E,C,25
cifar100_strict,39,21,21,65,target_E,C,25
cifar100_strict,40,13,14,65,target_E,C,25
cifar100_strict,41,17,18,65,target_E,C,25
cifar100_strict,42,9,9,65,target_E,C,25
cifar100_strict,43,11,11,65,target_E,C,25
cifar100_strict,44,11,11,65,target_E,C,25
cifar100_strict,45,8,15,65,target_E,C,25
cifar100_strict,46,8,4,65,target_E,C,25
cifar100_strict,47,16,15,65,target_E,C,25
cifar100_strict,48,20,20,65,target_E,C,25
cifar100_strict,49,19,19,65,target_E,C,25
cifar100_strict,50,4,5,65,target_E,C,25
cifar100_strict,51,15,19,65,target_E,C,25
cifar100_strict,52,18,21,65,target_E,C,25
cifar100_strict,53,21,20,65,target_E,C,25
cifar100_strict,54,16,19,65,target_E,C,25
cifar100_strict,55,8,4,65,target_E,C,25
cifar100_strict,56,20,18,65,target_E,C,25
cifar100_strict,57,14,15,65,target_E,C,25
cifar100_strict,58,19,18,65,target_E,C,25
cifar100_strict,59,13,15,65,target_E,C,25
cifar100_strict,60,18,18,65,target_E,C,25
cifar100_strict,61,14,15,65,target_E,C,25
cifar100_strict,62,21,19,65,target_E,C,25
cifar100_strict,63,17,18,65,target_E,C,25
cifar100_strict,64,13,14,65,target_E,C,25
cifar100_strict,65,14,13,65,target_E,C,25
cifar100_strict,66,15,14,65,target_E,C,25
cifar100_strict,67,14,13,65,target_E,C,25
cifar100_strict,68,24,24,65,target_E,C,25
cifar100_strict,69,18,20,65,target_E,C,25
cifar100_strict,70,15,16,65,target_E,C,25
cifar100_strict,71,22,18,65,target_E,C,25
cifar100_strict,72,9,6,65,target_E,C,25
cifar100_strict,73,10,9,65,target_E,C,25
cifar100_strict,74,8,8,65,target_E,C,25
cifar100_strict,75,20,18,65,target_E,C,25
cifar100_strict,76,20,16,65,target_E,C,25
cifar100_strict,77,10,16,65,target_E,C,25
cifar100_strict,78,15,15,65,target_E,C,25
cifar100_strict,79,12,14,65,target_E,C,25
cifar100_strict,80,11,13,65,target_E,C,25
cifar100_strict,81,13,14,65,target_E,C,25
cifar100_strict,82,20,21,65,target_E,C,25
cifar100_strict,83,18,14,65,target_E,C,25
cifar100_strict,84,12,10,65,target_E,C,25
cifar100_strict,85,19,18,65,target_E,C,25
cifar100_strict,86,19,17,65,target_E,C,25
cifar100_strict,87,19,17,65,target_E,C,25
cifar100_strict,88,19,19,65,target_E,C,25
cifar100_strict,89,18,16,65,target_E,C,25
cifar100_strict,90,18,17,65,target_E,C,25
cifar100_strict,91,12,12,65,target_E,C,25
cifar100_strict,92,11,11,65,target_E,C,25
cifar100_strict,93,12,13,65,target_E,C,25
cifar100_strict,94,23,20,65,target_E,C,25
cifar100_strict,95,14,14,65,target_E,C,25
cifar100_strict,96,11,8,65,target_E,C,25
cifar100_strict,97,11,9,65,target_E,C,25
cifar100_strict,98,6,9,65,target_E,C,25
cifar100_strict,99,14,15,65,target_E,C,25
cifar100_relaxed,0,19,21,60,source_F,S,25
cifar100_relaxed,1,14,14,60,source_F,S,25
cifar100_relaxed,2,8,8,60,source_F,S,25
cifar100_relaxed,3,12,12,60,source_F,S,25
cifar100_relaxed,4,9,9,60,source_F,S,25
cifar100_relaxed,5,14,16,60,source_F,S,25
cifar100_relaxed,6,13,13,60,source_F,S,25
cifar100_relaxed,7,13,12,60,source_F,S,25
cifar100_relaxed,8,18,18,60,source_F,S,25
cifar100_relaxed,9,12,13,60,source_F,S,25
cifar100_relaxed,10,11,10,60,source_F,S,25
cifar100_relaxed,11,5,5,60,source_F,S,25
cifar100_relaxed,12,13,13,60,source_F,S,25
cifar100_relaxed,13,11,12,60,source_F,S,25
cifar100_relaxed,14,16,17,60,source_F,S,25
cifar100_relaxed,15,14,14,60,source_F,S,25
cifar100_relaxed,16,16,17,60,source_F,S,25
cifar100_relaxed,17,20,19,60,source_F,S,25
cifar100_relaxed,18,13,13,60,source_F,S,25
cifar100_relaxed,19,11,12,60,source_F,S,25
cifar100_relaxed,20,23,23,60,source_F,S,25
cifar100_relaxed,21,17,17,60,source_F,S,25
cifar100_relaxed,22,17,16,60,source_F,S,25
cifar100_relaxed,23,18,19,60,source_F,S,25
cifar100_relaxed,24,16,17,60,source_F,S,25
cifar100_relaxed,25,11,12,60,source_F,S,25
cifar100_relaxed,26,8,8,60,source_F,S,25
cifar100_relaxed,27,11,11,60,source_F,S,25
cifar100_relaxed,28,15,15,60,source_F,S,25
cifar100_relaxed,29,12,13,60,source_F,S,25
cifar100_relaxed,30,15,15,60,source_F,S,25
cifar100_relaxed,31,21,21,60,source_F,S,25
cifar100_relaxed,32,12,12,60,source_F,S,25
cifar100_relaxed,33,18,18,60,source_F,S,25
cifar100_relaxed,34,14,14,60,source_F,S,25
cifar100_relaxed,35,7,7,60,source_F,S,25
cifar100_relaxed,36,17,17,60,source_F,S,25
cifar100_relaxed,37,14,14,60,source_F,S,25
cifar100_relaxed,38,8,8,60,source_F,S,25
cifar100_relaxed,39,18,20,60,source_F,S,25
cifar100_relaxed,40,15,15,60,source_F,S,25
cifar100_relaxed,41,19,19,60,source_F,S,25
cifar100_relaxed,42,13,13,60,source_F,S,25
cifar100_relaxed,43,18,18,60,source_F,S,25
cifar100_relaxed,44,5,5,60,source_F,S,25
cifar100_relaxed,45,6,6,60,source_F,S,25
cifar100_relaxed,46,10,10,60,source_F,S,25
cifar100_relaxed,47,15,16,60,source_F,S,25
cifar100_relaxed,48,19,18,60,source_F,S,25
cifar100_relaxed,49,19,20,60,source_F,S,25
cifar100_relaxed,50,9,9,60,source_F,S,25
cifar100_relaxed,51,15,15,60,source_F,S,25
cifar100_relaxed,52,18,19,60,source_F,S,25
cifar100_relaxed,53,24,24,60,source_F,S,25
cifar100_relaxed,54,19,19,60,source_F,S,25
cifar100_relaxed,55,3,3,60,source_F,S,25
cifar100_relaxed,56,18,19,60,source_F,S,25
cifar100_relaxed,57,13,13,60,source_F,S,25
cifar100_relaxed,58,17,17,60,source_F,S,25
cifar100_relaxed,59,9,11,60,source_F,S,25
cifar100_relaxed,60,22,22,60,source_F,S,25
cifar100_relaxed,61,18,19,60,source_F,S,25
cifar100_relaxed,62,16,16,60,source_F,S,25
cifar100_relaxed,63,12,12,60,source_F,S,25
cifar100_relaxed,64,15,15,60,source_F,S,25
cifar100_relaxed,65,10,11,60,source_F,S,25
cifar100_relaxed,66,9,10,60,source_F,S,25
cifar100_relaxed,67,15,15,60,source_F,S,25
cifar100_relaxed,68,18,18,60,source_F,S,25
cifar100_relaxed,69,20,20,60,source_F,S,25
cifar100_relaxed,70,15,16,60,source_F,S,25
cifar100_relaxed,71,18,19,60,source_F,S,25
cifar100_relaxed,72,9,9,60,source_F,S,25
cifar100_relaxed,73,10,11,60,source_F,S,25
cifar100_relaxed,74,11,11,60,source_F,S,25
cifar100_relaxed,75,20,20,60,source_F,S,25
cifar100_relaxed,76,22,22,60,source_F,S,25
cifar100_relaxed,77,9,10,60,source_F,S,25
cifar100_relaxed,78,9,10,60,source_F,S,25
cifar100_relaxed,79,14,13,60,source_F,S,25
cifar100_relaxed,80,10,9,60,source_F,S,25
cifar100_relaxed,81,10,10,60,source_F,S,25
cifar100_relaxed,82,21,21,60,source_F,S,25
cifar100_relaxed,83,11,12,60,source_F,S,25
cifar100_relaxed,84,14,14,60,source_F,S,25
cifar100_relaxed,85,18,20,60,source_F,S,25
cifar100_relaxed,86,16,16,60,source_F,S,25
cifar100_relaxed,87,18,18,60,source_F,S,25
cifar100_relaxed,88,15,15,60,source_F,S,25
cifar100_relaxed,89,14,14,60,source_F,S,25
cifar100_relaxed,90,13,14,60,source_F,S,25
cifar100_relaxed,91,17,16,60,source_F,S,25
cifar100_relaxed,92,12,12,60,source_F,S,25
cifar100_relaxed,93,8,8,60,source_F,S,25
cifar100_relaxed,94,22,22,60,source_F,S,25
cifar100_relaxed,95,16,16,60,source_F,S,25
cifar100_relaxed,96,13,12,60,source_F,S,25
cifar100_relaxed,97,11,12,60,source_F,S,25
cifar100_relaxed,98,11,11,60,source_F,S,25
cifar100_relaxed,99,15,18,60,source_F,S,25
cifar100_relaxed,0,19,20,61,source_F,S,25
cifar100_relaxed,1,12,12,61,source_F,S,25
cifar100_relaxed,2,15,15,61,source_F,S,25
cifar100_relaxed,3,12,12,61,source_F,S,25
cifar100_relaxed,4,6,6,61,source_F,S,25
cifar100_relaxed,5,14,14,61,source_F,S,25
cifar100_relaxed,6,14,14,61,source_F,S,25
cifar100_relaxed,7,12,11,61,source_F,S,25
cifar100_relaxed,8,21,22,61,source_F,S,25
cifar100_relaxed,9,12,12,61,source_F,S,25
cifar100_relaxed,10,9,9,61,source_F,S,25
cifar100_relaxed,11,7,7,61,source_F,S,25
cifar100_relaxed,12,13,14,61,source_F,S,25
cifar100_relaxed,13,9,10,61,source_F,S,25
cifar100_relaxed,14,17,16,61,source_F,S,25
cifar100_relaxed,15,13,14,61,source_F,S,25
cifar100_relaxed,16,16,16,61,source_F,S,25
cifar100_relaxed,17,20,19,61,source_F,S,25
cifar100_relaxed,18,13,13,61,source_F,S,25
cifar100_relaxed,19,14,15,61,source_F,S,25
cifar100_relaxed,20,23,23,61,source_F,S,25
cifar100_relaxed,21,18,18,61,source_F,S,25
cifar100_relaxed,22,17,16,61,source_F,S,25
cifar100_relaxed,23,15,16,61,source_F,S,25
cifar100_relaxed,24,19,19,61,source_F,S,25
cifar100_relaxed,25,15,15,61,source_F,S,25
cifar100_relaxed,26,8,8,61,source_F,S,25
cifar100_relaxed,27,7,8,61,source_F,S,25
cifar100_relaxed,28,20,20,61,source_F,S,25
cifar100_relaxed,29,12,12,61,source_F,S,25
cifar100_relaxed,30,13,13,61,source_F,S,25
cifar100_relaxed,31,18,18,61,source_F,S,25
cifar100_relaxed,32,13,13,61,source_F,S,25
cifar100_relaxed,33,17,18,61,source_F,S,25
cifar100_relaxed,34,13,13,61,source_F,S,25
cifar100_relaxed,35,8,8,61,source_F,S,25
cifar100_relaxed,36,18,18,61,source_F,S,25
cifar100_relaxed,37,11,12,61,source_F,S,25
cifar100_relaxed,38,8,8,61,source_F,S,25
cifar100_relaxed,39,18,18,61,source_F,S,25
cifar100_relaxed,40,16,16,61,source_F,S,25
cifar100_relaxed,41,20,20,61,source_F,S,25
cifar100_relaxed,42,15,15,61,source_F,S,25
cifar100_relaxed,43,19,19,61,source_F,S,25
cifar100_relaxed,44,7,7,61,source_F,S,25
cifar100_relaxed,45,7,7,61,source_F,S,25
cifar100_relaxed,46,10,10,61,source_F,S,25
cifar100_relaxed,47,18,18,61,source_F,S,25
cifar100_relaxed,48,19,19,61,source_F,S,25
cifar100_relaxed,49,21,21,61,source_F,S,25
cifar100_relaxed,50,7,6,61,source_F,S,25
cifar100_relaxed,51,9,10,61,source_F,S,25
cifar100_relaxed,52,18,19,61,source_F,S,25
cifar100_relaxed,53,22,22,61,source_F,S,25
cifar100_relaxed,54,17,17,61,source_F,S,25
cifar100_relaxed,55,3,3,61,source_F,S,25
cifar100_relaxed,56,20,21,61,source_F,S,25
cifar100_relaxed,57,11,11,61,source_F,S,25
cifar100_relaxed,58,20,21,61,source_F,S,25
cifar100_relaxed,59,12,12,61,source_F,S,25
cifar100_relaxed,60,21,21,61,source_F,S,25
cifar100_relaxed,61,19,19,61,source_F,S,25
cifar100_relaxed,62,15,15,61,source_F,S,25
cifar100_relaxed,63,13,14,61,source_F,S,25
cifar100_relaxed,64,13,13,61,source_F,S,25
cifar100_relaxed,65,8,7,61,source_F,S,25
cifar100_relaxed,66,9,9,61,source_F,S,25
cifar100_relaxed,67,16,16,61,source_F,S,25
cifar100_relaxed,68,18,18,61,source_F,S,25
cifar100_relaxed,69,19,21,61,source_F,S,25
cifar100_relaxed,70,18,17,61,source_F,S,25
cifar100_relaxed,71,15,16,61,source_F,S,25
cifar100_relaxed,72,6,6,61,source_F,S,25
cifar100_relaxed,73,7,7,61,source_F,S,25
cifar100_relaxed,74,11,11,61,source_F,S,25
cifar100_relaxed,75,20,20,61,source_F,S,25
cifar100_relaxed,76,18,20,61,source_F,S,25
cifar100_relaxed,77,10,12,61,source_F,S,25
cifar100_relaxed,78,8,8,61,source_F,S,25
cifar100_relaxed,79,12,12,61,source_F,S,25
cifar100_relaxed,80,8,8,61,source_F,S,25
cifar100_relaxed,81,13,12,61,source_F,S,25
cifar100_relaxed,82,22,22,61,source_F,S,25
cifar100_relaxed,83,16,16,61,source_F,S,25
cifar100_relaxed,84,13,14,61,source_F,S,25
cifar100_relaxed,85,17,17,61,source_F,S,25
cifar100_relaxed,86,16,17,61,source_F,S,25
cifar100_relaxed,87,14,14,61,source_F,S,25
cifar100_relaxed,88,12,12,61,source_F,S,25
cifar100_relaxed,89,10,10,61,source_F,S,25
cifar100_relaxed,90,12,12,61,source_F,S,25
cifar100_relaxed,91,15,15,61,source_F,S,25
cifar100_relaxed,92,8,9,61,source_F,S,25
cifar100_relaxed,93,10,10,61,source_F,S,25
cifar100_relaxed,94,22,23,61,source_F,S,25
cifar100_relaxed,95,14,15,61,source_F,S,25
cifar100_relaxed,96,13,15,61,source_F,S,25
cifar100_relaxed,97,12,12,61,source_F,S,25
cifar100_relaxed,98,10,10,61,source_F,S,25
cifar100_relaxed,99,13,14,61,source_F,S,25
cifar100_relaxed,0,19,20,62,source_F,S,25
cifar100_relaxed,1,17,17,62,source_F,S,25
cifar100_relaxed,2,9,9,62,source_F,S,25
cifar100_relaxed,3,10,10,62,source_F,S,25
cifar100_relaxed,4,6,6,62,source_F,S,25
cifar100_relaxed,5,12,13,62,source_F,S,25
cifar100_relaxed,6,10,10,62,source_F,S,25
cifar100_relaxed,7,12,11,62,source_F,S,25
cifar100_relaxed,8,20,21,62,source_F,S,25
cifar100_relaxed,9,15,15,62,source_F,S,25
cifar100_relaxed,10,11,11,62,source_F,S,25
cifar100_relaxed,11,5,4,62,source_F,S,25
cifar100_relaxed,12,13,13,62,source_F,S,25
cifar100_relaxed,13,10,10,62,source_F,S,25
cifar100_relaxed,14,11,12,62,source_F,S,25
cifar100_relaxed,15,13,15,62,source_F,S,25
cifar100_relaxed,16,14,14,62,source_F,S,25
cifar100_relaxed,17,18,19,62,source_F,S,25
cifar100_relaxed,18,14,14,62,source_F,S,25
cifar100_relaxed,19,13,13,62,source_F,S,25
cifar100_relaxed,20,20,20,62,source_F,S,25
cifar100_relaxed,21,17,18,62,source_F,S,25
cifar100_relaxed,22,17,17,62,source_F,S,25
cifar100_relaxed,23,17,18,62,source_F,S,25
cifar100_relaxed,24,16,17,62,source_F,S,25
cifar100_relaxed,25,14,14,62,source_F,S,25
cifar100_relaxed,26,11,11,62,source_F,S,25
cifar100_relaxed,27,10,10,62,source_F,S,25
cifar100_relaxed,28,19,18,62,source_F,S,25
cifar100_relaxed,29,13,13,62,source_F,S,25
cifar100_relaxed,30,16,16,62,source_F,S,25
cifar100_relaxed,31,16,16,62,source_F,S,25
cifar100_relaxed,32,8,9,62,source_F,S,25
cifar100_relaxed,33,14,16,62,source_F,S,25
cifar100_relaxed,34,12,12,62,source_F,S,25
cifar100_relaxed,35,7,7,62,source_F,S,25
cifar100_relaxed,36,16,16,62,source_F,S,25
cifar100_relaxed,37,13,12,62,source_F,S,25
cifar100_relaxed,38,11,11,62,source_F,S,25
cifar100_relaxed,39,17,17,62,source_F,S,25
cifar100_relaxed,40,17,18,62,source_F,S,25
cifar100_relaxed,41,21,21,62,source_F,S,25
cifar100_relaxed,42,14,14,62,source_F,S,25
cifar100_relaxed,43,16,18,62,source_F,S,25
cifar100_relaxed,44,8,8,62,source_F,S,25
cifar100_relaxed,45,7,7,62,source_F,S,25
cifar100_relaxed,46,5,5,62,source_F,S,25
cifar100_relaxed,47,15,15,62,source_F,S,25
cifar100_relaxed,48,18,18,62,source_F,S,25
cifar100_relaxed,49,17,20,62,source_F,S,25
cifar100_relaxed,50,7,7,62,source_F,S,25
cifar100_relaxed,51,13,13,62,source_F,S,25
cifar100_relaxed,52,20,20,62,source_F,S,25
cifar100_relaxed,53,19,20,62,source_F,S,25
cifar100_relaxed,54,17,18,62,source_F,S,25
cifar100_relaxed,55,6,6,62,source_F,S,25
cifar100_relaxed,56,19,18,62,source_F,S,25
cifar100_relaxed,57,13,12,62,source_F,S,25
cifar100_relaxed,58,18,19,62,source_F,S,25
cifar100_relaxed,59,15,16,62,source_F,S,25
cifar100_relaxed,60,22,22,62,source_F,S,25
cifar100_relaxed,61,14,14,62,source_F,S,25
cifar100_relaxed,62,17,17,62,source_F,S,25
cifar100_relaxed,63,12,12,62,source_F,S,25
cifar100_relaxed,64,10,10,62,source_F,S,25
cifar100_relaxed,65,13,13,62,source_F,S,25
cifar100_relaxed,66,11,10,62,source_F,S,25
cifar100_relaxed,67,13,14,62,source_F,S,25
cifar100_relaxed,68,20,20,62,source_F,S,25
cifar100_relaxed,69,20,20,62,source_F,S,25
cifar100_relaxed,70,15,16,62,source_F,S,25
cifar100_relaxed,71,16,17,62,source_F,S,25
cifar100_relaxed,72,6,6,62,source_F,S,25
cifar100_relaxed,73,12,11,62,source_F,S,25
cifar100_relaxed,74,12,12,62,source_F,S,25
cifar100_relaxed,75,16,19,62,source_F,S,25
cifar100_relaxed,76,21,21,62,source_F,S,25
cifar100_relaxed,77,14,14,62,source_F,S,25
cifar100_relaxed,78,8,8,62,source_F,S,25
cifar100_relaxed,79,11,11,62,source_F,S,25
cifar100_relaxed,80,13,13,62,source_F,S,25
cifar100_relaxed,81,11,11,62,source_F,S,25
cifar100_relaxed,82,22,22,62,source_F,S,25
cifar100_relaxed,83,13,14,62,source_F,S,25
cifar100_relaxed,84,15,15,62,source_F,S,25
cifar100_relaxed,85,19,19,62,source_F,S,25
cifar100_relaxed,86,20,20,62,source_F,S,25
cifar100_relaxed,87,14,13,62,source_F,S,25
cifar100_relaxed,88,15,16,62,source_F,S,25
cifar100_relaxed,89,17,17,62,source_F,S,25
cifar100_relaxed,90,15,16,62,source_F,S,25
cifar100_relaxed,91,15,15,62,source_F,S,25
cifar100_relaxed,92,10,9,62,source_F,S,25
cifar100_relaxed,93,8,8,62,source_F,S,25
cifar100_relaxed,94,20,20,62,source_F,S,25
cifar100_relaxed,95,12,13,62,source_F,S,25
cifar100_relaxed,96,13,13,62,source_F,S,25
cifar100_relaxed,97,14,14,62,source_F,S,25
cifar100_relaxed,98,14,14,62,source_F,S,25
cifar100_relaxed,99,14,17,62,source_F,S,25
cifar100_relaxed,0,19,20,66,target_E,S,25
cifar100_relaxed,1,13,14,66,target_E,S,25
cifar100_relaxed,2,11,11,66,target_E,S,25
cifar100_relaxed,3,9,9,66,target_E,S,25
cifar100_relaxed,4,6,6,66,target_E,S,25
cifar100_relaxed,5,16,17,66,target_E,S,25
cifar100_relaxed,6,17,18,66,target_E,S,25
cifar100_relaxed,7,13,15,66,target_E,S,25
cifar100_relaxed,8,16,15,66,target_E,S,25
cifar100_relaxed,9,14,15,66,target_E,S,25
cifar100_relaxed,10,11,12,66,target_E,S,25
cifar100_relaxed,11,9,9,66,target_E,S,25
cifar100_relaxed,12,11,11,66,target_E,S,25
cifar100_relaxed,13,9,8,66,target_E,S,25
cifar100_relaxed,14,17,16,66,target_E,S,25
cifar100_relaxed,15,17,17,66,target_E,S,25
cifar100_relaxed,16,19,19,66,target_E,S,25
cifar100_relaxed,17,18,19,66,target_E,S,25
cifar100_relaxed,18,12,12,66,target_E,S,25
cifar100_relaxed,19,11,11,66,target_E,S,25
cifar100_relaxed,20,17,17,66,target_E,S,25
cifar100_relaxed,21,15,15,66,target_E,S,25
cifar100_relaxed,22,6,6,66,target_E,S,25
cifar100_relaxed,23,17,17,66,target_E,S,25
cifar100_relaxed,24,15,15,66,target_E,S,25
cifar100_relaxed,25,8,8,66,target_E,S,25
cifar100_relaxed,26,9,9,66,target_E,S,25
cifar100_relaxed,27,14,14,66,target_E,S,25
cifar100_relaxed,28,18,19,66,target_E,S,25
cifar100_relaxed,29,12,13,66,target_E,S,25
cifar100_relaxed,30,13,13,66,target_E,S,25
cifar100_relaxed,31,10,10,66,target_E,S,25
cifar100_relaxed,32,13,13,66,target_E,S,25
cifar100_relaxed,33,10,10,66,target_E,S,25
cifar100_relaxed,34,11,11,66,target_E,S,25
cifar100_relaxed,35,10,10,66,target_E,S,25
cifar100_relaxed,36,18,18,66,target_E,S,25
cifar100_relaxed,37,14,15,66,target_E,S,25
cifar100_relaxed,38,13,13,66,target_E,S,25
cifar100_relaxed,39,21,21,66,target_E,S,25
cifar100_relaxed,40,14,14,66,target_E,S,25
cifar100_relaxed,41,17,18,66,target_E,S,25
cifar100_relaxed,42,15,15,66,target_E,S,25
cifar100_relaxed,43,12,13,66,target_E,S,25
cifar100_relaxed,44,8,8,66,target_E,S,25
cifar100_relaxed,45,12,12,66,target_E,S,25
cifar100_relaxed,46,9,9,66,target_E,S,25
cifar100_relaxed,47,15,15,66,target_E,S,25
cifar100_relaxed,48,17,18,66,target_E,S,25
cifar100_relaxed,49,17,19,66,target_E,S,25
cifar100_relaxed,50,10,10,66,target_E,S,25
cifar100_relaxed,51,18,19,66,target_E,S,25
cifar100_relaxed,52,17,17,66,target_E,S,25
cifar100_relaxed,53,19,19,66,target_E,S,25
cifar100_relaxed,54,16,17,66,target_E,S,25
cifar100_relaxed,55,8,8,66,target_E,S,25
cifar100_relaxed,56,22,22,66,target_E,S,25
cifar100_relaxed,57,15,17,66,target_E,S,25
cifar100_relaxed,58,16,16,66,target_E,S,25
cifar100_relaxed,59,10,9,66,target_E,S,25
cifar100_relaxed,60,23,22,66,target_E,S,25
cifar100_relaxed,61,15,14,66,target_E,S,25
cifar100_relaxed,62,16,16,66,target_E,S,25
cifar100_relaxed,63,16,16,66,target_E,S,25
cifar100_relaxed,64,10,10,66,target_E,S,25
cifar100_relaxed,65,8,8,66,target_E,S,25
cifar100_relaxed,66,10,10,66,target_E,S,25
cifar100_relaxed,67,12,13,66,target_E,S,25
cifar100_relaxed,68,22,23,66,target_E,S,25
cifar100_relaxed,69,16,17,66,target_E,S,25
cifar100_relaxed,70,13,14,66,target_E,S,25
cifar100_relaxed,71,20,20,66,target_E,S,25
cifar100_relaxed,72,6,6,66,target_E,S,25
cifar100_relaxed,73,12,12,66,target_E,S,25
cifar100_relaxed,74,10,10,66,target_E,S,25
cifar100_relaxed,75,20,21,66,target_E,S,25
cifar100_relaxed,76,24,24,66,target_E,S,25
cifar100_relaxed,77,9,9,66,target_E,S,25
cifar100_relaxed,78,12,14,66,target_E,S,25
cifar100_relaxed,79,13,13,66,target_E,S,25
cifar100_relaxed,80,11,11,66,target_E,S,25
cifar100_relaxed,81,10,11,66,target_E,S,25
cifar100_relaxed,82,17,18,66,target_E,S,25
cifar100_relaxed,83,12,10,66,target_E,S,25
cifar100_relaxed,84,12,12,66,target_E,S,25
cifar100_relaxed,85,19,19,66,target_E,S,25
cifar100_relaxed,86,18,19,66,target_E,S,25
cifar100_relaxed,87,20,20,66,target_E,S,25
cifar100_relaxed,88,17,17,66,target_E,S,25
cifar100_relaxed,89,16,16,66,target_E,S,25
cifar100_relaxed,90,17,17,66,target_E,S,25
cifar100_relaxed,91,18,18,66,target_E,S,25
cifar100_relaxed,92,11,12,66,target_E,S,25
cifar100_relaxed,93,8,8,66,target_E,S,25
cifar100_relaxed,94,21,22,66,target_E,S,25
cifar100_relaxed,95,17,17,66,target_E,S,25
cifar100_relaxed,96,13,14,66,target_E,S,25
cifar100_relaxed,97,15,15,66,target_E,S,25
cifar100_relaxed,98,4,4,66,target_E,S,25
cifar100_relaxed,99,20,20,66,target_E,S,25
cifar100_relaxed,0,21,21,67,target_E,S,25
cifar100_relaxed,1,19,20,67,target_E,S,25
cifar100_relaxed,2,15,15,67,target_E,S,25
cifar100_relaxed,3,7,7,67,target_E,S,25
cifar100_relaxed,4,9,9,67,target_E,S,25
cifar100_relaxed,5,19,19,67,target_E,S,25
cifar100_relaxed,6,17,18,67,target_E,S,25
cifar100_relaxed,7,12,12,67,target_E,S,25
cifar100_relaxed,8,15,15,67,target_E,S,25
cifar100_relaxed,9,13,13,67,target_E,S,25
cifar100_relaxed,10,9,8,67,target_E,S,25
cifar100_relaxed,11,8,8,67,target_E,S,25
cifar100_relaxed,12,13,13,67,target_E,S,25
cifar100_relaxed,13,9,9,67,target_E,S,25
cifar100_relaxed,14,16,16,67,target_E,S,25
cifar100_relaxed,15,12,13,67,target_E,S,25
cifar100_relaxed,16,17,17,67,target_E,S,25
cifar100_relaxed,17,21,20,67,target_E,S,25
cifar100_relaxed,18,12,12,67,target_E,S,25
cifar100_relaxed,19,11,11,67,target_E,S,25
cifar100_relaxed,20,19,19,67,target_E,S,25
cifar100_relaxed,21,15,15,67,target_E,S,25
cifar100_relaxed,22,9,10,67,target_E,S,25
cifar100_relaxed,23,19,19,67,target_E,S,25
cifar100_relaxed,24,16,16,67,target_E,S,25
cifar100_relaxed,25,11,10,67,target_E,S,25
cifar100_relaxed,26,11,11,67,target_E,S,25
cifar100_relaxed,27,12,12,67,target_E,S,25
cifar100_relaxed,28,16,18,67,target_E,S,25
cifar100_relaxed,29,11,11,67,target_E,S,25
cifar100_relaxed,30,15,15,67,target_E,S,25
cifar100_relaxed,31,13,13,67,target_E,S,25
cifar100_relaxed,32,14,13,67,target_E,S,25
cifar100_relaxed,33,11,11,67,target_E,S,25
cifar100_relaxed,34,11,11,67,target_E,S,25
cifar100_relaxed,35,11,11,67,target_E,S,25
cifar100_relaxed,36,19,19,67,target_E,S,25
cifar100_relaxed,37,14,14,67,target_E,S,25
cifar100_relaxed,38,12,13,67,target_E,S,25
cifar100_relaxed,39,21,22,67,target_E,S,25
cifar100_relaxed,40,11,11,67,target_E,S,25
cifar100_relaxed,41,20,20,67,target_E,S,25
cifar100_relaxed,42,11,12,67,target_E,S,25
cifar100_relaxed,43,15,15,67,target_E,S,25
cifar100_relaxed,44,6,6,67,target_E,S,25
cifar100_relaxed,45,10,10,67,target_E,S,25
cifar100_relaxed,46,7,7,67,target_E,S,25
cifar100_relaxed,47,14,13,67,target_E,S,25
cifar100_relaxed,48,17,18,67,target_E,S,25
cifar100_relaxed,49,18,18,67,target_E,S,25
cifar100_relaxed,50,10,10,67,target_E,S,25
cifar100_relaxed,51,17,17,67,target_E,S,25
cifar100_relaxed,52,19,19,67,target_E,S,25
cifar100_relaxed,53,21,21,67,target_E,S,25
cifar100_relaxed,54,17,18,67,target_E,S,25
cifar100_relaxed,55,6,6,67,target_E,S,25
cifar100_relaxed,56,22,22,67,target_E,S,25
cifar100_relaxed,57,14,15,67,target_E,S,25
cifar100_relaxed,58,16,18,67,target_E,S,25
cifar100_relaxed,59,12,14,67,target_E,S,25
cifar100_relaxed,60,20,20,67,target_E,S,25
cifar100_relaxed,61,16,16,67,target_E,S,25
cifar100_relaxed,62,15,15,67,target_E,S,25
cifar100_relaxed,63,14,15,67,target_E,S,25
cifar100_relaxed,64,12,12,67,target_E,S,25
cifar100_relaxed,65,9,9,67,target_E,S,25
cifar100_relaxed,66,8,10,67,target_E,S,25
cifar100_relaxed,67,12,12,67,target_E,S,25
cifar100_relaxed,68,21,21,67,target_E,S,25
cifar100_relaxed,69,17,19,67,target_E,S,25
cifar100_relaxed,70,13,13,67,target_E,S,25
cifar100_relaxed,71,19,19,67,target_E,S,25
cifar100_relaxed,72,7,7,67,target_E,S,25
cifar100_relaxed,73,10,10,67,target_E,S,25
cifar100_relaxed,74,13,14,67,target_E,S,25
cifar100_relaxed,75,20,21,67,target_E,S,25
cifar100_relaxed,76,23,22,67,target_E,S,25
cifar100_relaxed,77,10,10,67,target_E,S,25
cifar100_relaxed,78,11,10,67,target_E,S,25
cifar100_relaxed,79,11,11,67,target_E,S,25
cifar100_relaxed,80,11,11,67,target_E,S,25
cifar100_relaxed,81,16,18,67,target_E,S,25
cifar100_relaxed,82,18,18,67,target_E,S,25
cifar100_relaxed,83,10,10,67,target_E,S,25
cifar100_relaxed,84,14,13,67,target_E,S,25
cifar100_relaxed,85,14,15,67,target_E,S,25
cifar100_relaxed,86,17,16,67,target_E,S,25
cifar100_relaxed,87,16,16,67,target_E,S,25
cifar100_relaxed,88,17,18,67,target_E,S,25
cifar100_relaxed,89,16,16,67,target_E,S,25
cifar100_relaxed,90,14,15,67,target_E,S,25
cifar100_relaxed,91,16,16,67,target_E,S,25
cifar100_relaxed,92,8,8,67,target_E,S,25
cifar100_relaxed,93,8,10,67,target_E,S,25
cifar100_relaxed,94,21,22,67,target_E,S,25
cifar100_relaxed,95,14,14,67,target_E,S,25
cifar100_relaxed,96,13,13,67,target_E,S,25
cifar100_relaxed,97,13,14,67,target_E,S,25
cifar100_relaxed,98,7,7,67,target_E,S,25
cifar100_relaxed,99,17,17,67,target_E,S,25
cifar100_relaxed,0,21,22,68,target_E,S,25
cifar100_relaxed,1,17,16,68,target_E,S,25
cifar100_relaxed,2,12,12,68,target_E,S,25
cifar100_relaxed,3,9,8,68,target_E,S,25
cifar100_relaxed,4,7,8,68,target_E,S,25
cifar100_relaxed,5,18,18,68,target_E,S,25
cifar100_relaxed,6,18,18,68,target_E,S,25
cifar100_relaxed,7,12,11,68,target_E,S,25
cifar100_relaxed,8,16,17,68,target_E,S,25
cifar100_relaxed,9,15,15,68,target_E,S,25
cifar100_relaxed,10,12,11,68,target_E,S,25
cifar100_relaxed,11,8,8,68,target_E,S,25
cifar100_relaxed,12,12,12,68,target_E,S,25
cifar100_relaxed,13,12,13,68,target_E,S,25
cifar100_relaxed,14,16,16,68,target_E,S,25
cifar100_relaxed,15,15,16,68,target_E,S,25
cifar100_relaxed,16,16,17,68,target_E,S,25
cifar100_relaxed,17,17,18,68,target_E,S,25
cifar100_relaxed,18,12,12,68,target_E,S,25
cifar100_relaxed,19,14,14,68,target_E,S,25
cifar100_relaxed,20,18,18,68,target_E,S,25
cifar100_relaxed,21,18,18,68,target_E,S,25
cifar100_relaxed,22,15,14,68,target_E,S,25
cifar100_relaxed,23,18,19,68,target_E,S,25
cifar100_relaxed,24,17,17,68,target_E,S,25
cifar100_relaxed,25,10,10,68,target_E,S,25
cifar100_relaxed,26,11,12,68,target_E,S,25
cifar100_relaxed,27,8,9,68,target_E,S,25
cifar100_relaxed,28,17,19,68,target_E,S,25
cifar100_relaxed,29,12,12,68,target_E,S,25
cifar100_relaxed,30,16,16,68,target_E,S,25
cifar100_relaxed,31,13,13,68,target_E,S,25
cifar100_relaxed,32,13,13,68,target_E,S,25
cifar100_relaxed,33,13,13,68,target_E,S,25
cifar100_relaxed,34,14,14,68,target_E,S,25
cifar100_relaxed,35,11,10,68,target_E,S,25
cifar100_relaxed,36,19,19,68,target_E,S,25
cifar100_relaxed,37,17,17,68,target_E,S,25
cifar100_relaxed,38,10,10,68,target_E,S,25
cifar100_relaxed,39,20,21,68,target_E,S,25
cifar100_relaxed,40,13,13,68,target_E,S,25
cifar100_relaxed,41,17,18,68,target_E,S,25
cifar100_relaxed,42,12,14,68,target_E,S,25
cifar100_relaxed,43,15,14,68,target_E,S,25
cifar100_relaxed,44,7,7,68,target_E,S,25
cifar100_relaxed,45,8,8,68,target_E,S,25
cifar100_relaxed,46,7,7,68,target_E,S,25
cifar100_relaxed,47,13,15,68,target_E,S,25
cifar100_relaxed,48,19,18,68,target_E,S,25
cifar100_relaxed,49,18,19,68,target_E,S,25
cifar100_relaxed,50,8,8,68,target_E,S,25
cifar100_relaxed,51,18,17,68,target_E,S,25
cifar100_relaxed,52,23,24,68,target_E,S,25
cifar100_relaxed,53,19,19,68,target_E,S,25
cifar100_relaxed,54,14,14,68,target_E,S,25
cifar100_relaxed,55,8,8,68,target_E,S,25
cifar100_relaxed,56,20,20,68,target_E,S,25
cifar100_relaxed,57,14,14,68,target_E,S,25
cifar100_relaxed,58,17,17,68,target_E,S,25
cifar100_relaxed,59,13,12,68,target_E,S,25
cifar100_relaxed,60,20,20,68,target_E,S,25
cifar100_relaxed,61,16,17,68,target_E,S,25
cifar100_relaxed,62,16,16,68,target_E,S,25
cifar100_relaxed,63,16,15,68,target_E,S,25
cifar100_relaxed,64,10,10,68,target_E,S,25
cifar100_relaxed,65,8,8,68,target_E,S,25
cifar100_relaxed,66,9,9,68,target_E,S,25
cifar100_relaxed,67,9,9,68,target_E,S,25
cifar100_relaxed,68,20,20,68,target_E,S,25
cifar100_relaxed,69,20,19,68,target_E,S,25
cifar100_relaxed,70,14,14,68,target_E,S,25
cifar100_relaxed,71,19,21,68,target_E,S,25
cifar100_relaxed,72,6,6,68,target_E,S,25
cifar100_relaxed,73,12,12,68,target_E,S,25
cifar100_relaxed,74,11,10,68,target_E,S,25
cifar100_relaxed,75,22,22,68,target_E,S,25
cifar100_relaxed,76,22,22,68,target_E,S,25
cifar100_relaxed,77,10,10,68,target_E,S,25
cifar100_relaxed,78,13,13,68,target_E,S,25
cifar100_relaxed,79,13,13,68,target_E,S,25
cifar100_relaxed,80,11,11,68,target_E,S,25
cifar100_relaxed,81,15,15,68,target_E,S,25
cifar100_relaxed,82,20,20,68,target_E,S,25
cifar100_relaxed,83,8,8,68,target_E,S,25
cifar100_relaxed,84,11,13,68,target_E,S,25
cifar100_relaxed,85,17,17,68,target_E,S,25
cifar100_relaxed,86,20,19,68,target_E,S,25
cifar100_relaxed,87,19,19,68,target_E,S,25
cifar100_relaxed,88,16,17,68,target_E,S,25
cifar100_relaxed,89,15,16,68,target_E,S,25
cifar100_relaxed,90,15,16,68,target_E,S,25
cifar100_relaxed,91,19,19,68,target_E,S,25
cifar100_relaxed,92,11,11,68,target_E,S,25
cifar100_relaxed,93,7,8,68,target_E,S,25
cifar100_relaxed,94,20,20,68,target_E,S,25
cifar100_relaxed,95,14,14,68,target_E,S,25
cifar100_relaxed,96,12,13,68,target_E,S,25
cifar100_relaxed,97,12,11,68,target_E,S,25
cifar100_relaxed,98,9,9,68,target_E,S,25
cifar100_relaxed,99,19,19,68,target_E,S,25
cifar100_relaxed,0,19,21,60,source_F,I,25
cifar100_relaxed,1,14,14,60,source_F,I,25
cifar100_relaxed,2,8,8,60,source_F,I,25
cifar100_relaxed,3,12,12,60,source_F,I,25
cifar100_relaxed,4,9,9,60,source_F,I,25
cifar100_relaxed,5,14,16,60,source_F,I,25
cifar100_relaxed,6,13,13,60,source_F,I,25
cifar100_relaxed,7,13,12,60,source_F,I,25
cifar100_relaxed,8,18,18,60,source_F,I,25
cifar100_relaxed,9,12,13,60,source_F,I,25
cifar100_relaxed,10,11,10,60,source_F,I,25
cifar100_relaxed,11,5,5,60,source_F,I,25
cifar100_relaxed,12,13,13,60,source_F,I,25
cifar100_relaxed,13,11,12,60,source_F,I,25
cifar100_relaxed,14,16,17,60,source_F,I,25
cifar100_relaxed,15,14,14,60,source_F,I,25
cifar100_relaxed,16,16,17,60,source_F,I,25
cifar100_relaxed,17,20,19,60,source_F,I,25
cifar100_relaxed,18,13,13,60,source_F,I,25
cifar100_relaxed,19,11,12,60,source_F,I,25
cifar100_relaxed,20,23,23,60,source_F,I,25
cifar100_relaxed,21,17,17,60,source_F,I,25
cifar100_relaxed,22,17,16,60,source_F,I,25
cifar100_relaxed,23,18,19,60,source_F,I,25
cifar100_relaxed,24,16,17,60,source_F,I,25
cifar100_relaxed,25,11,12,60,source_F,I,25
cifar100_relaxed,26,8,8,60,source_F,I,25
cifar100_relaxed,27,11,11,60,source_F,I,25
cifar100_relaxed,28,15,15,60,source_F,I,25
cifar100_relaxed,29,12,13,60,source_F,I,25
cifar100_relaxed,30,15,15,60,source_F,I,25
cifar100_relaxed,31,21,21,60,source_F,I,25
cifar100_relaxed,32,12,12,60,source_F,I,25
cifar100_relaxed,33,18,18,60,source_F,I,25
cifar100_relaxed,34,14,14,60,source_F,I,25
cifar100_relaxed,35,7,7,60,source_F,I,25
cifar100_relaxed,36,17,17,60,source_F,I,25
cifar100_relaxed,37,14,14,60,source_F,I,25
cifar100_relaxed,38,8,8,60,source_F,I,25
cifar100_relaxed,39,18,20,60,source_F,I,25
cifar100_relaxed,40,15,15,60,source_F,I,25
cifar100_relaxed,41,19,19,60,source_F,I,25
cifar100_relaxed,42,13,13,60,source_F,I,25
cifar100_relaxed,43,18,18,60,source_F,I,25
cifar100_relaxed,44,5,5,60,source_F,I,25
cifar100_relaxed,45,6,6,60,source_F,I,25
cifar100_relaxed,46,10,10,60,source_F,I,25
cifar100_relaxed,47,15,16,60,source_F,I,25
cifar100_relaxed,48,19,18,60,source_F,I,25
cifar100_relaxed,49,19,20,60,source_F,I,25
cifar100_relaxed,50,9,9,60,source_F,I,25
cifar100_relaxed,51,15,15,60,source_F,I,25
cifar100_relaxed,52,18,19,60,source_F,I,25
cifar100_relaxed,53,24,24,60,source_F,I,25
cifar100_relaxed,54,19,19,60,source_F,I,25
cifar100_relaxed,55,3,3,60,source_F,I,25
cifar100_relaxed,56,18,19,60,source_F,I,25
cifar100_relaxed,57,13,13,60,source_F,I,25
cifar100_relaxed,58,17,17,60,source_F,I,25
cifar100_relaxed,59,9,11,60,source_F,I,25
cifar100_relaxed,60,22,22,60,source_F,I,25
cifar100_relaxed,61,18,19,60,source_F,I,25
cifar100_relaxed,62,16,16,60,source_F,I,25
cifar100_relaxed,63,12,12,60,source_F,I,25
cifar100_relaxed,64,15,15,60,source_F,I,25
cifar100_relaxed,65,10,11,60,source_F,I,25
cifar100_relaxed,66,9,10,60,source_F,I,25
cifar100_relaxed,67,15,15,60,source_F,I,25
cifar100_relaxed,68,18,18,60,source_F,I,25
cifar100_relaxed,69,20,20,60,source_F,I,25
cifar100_relaxed,70,15,16,60,source_F,I,25
cifar100_relaxed,71,18,19,60,source_F,I,25
cifar100_relaxed,72,9,9,60,source_F,I,25
cifar100_relaxed,73,10,11,60,source_F,I,25
cifar100_relaxed,74,11,11,60,source_F,I,25
cifar100_relaxed,75,20,20,60,source_F,I,25
cifar100_relaxed,76,22,22,60,source_F,I,25
cifar100_relaxed,77,9,10,60,source_F,I,25
cifar100_relaxed,78,9,10,60,source_F,I,25
cifar100_relaxed,79,14,13,60,source_F,I,25
cifar100_relaxed,80,10,9,60,source_F,I,25
cifar100_relaxed,81,10,10,60,source_F,I,25
cifar100_relaxed,82,21,21,60,source_F,I,25
cifar100_relaxed,83,11,12,60,source_F,I,25
cifar100_relaxed,84,14,14,60,source_F,I,25
cifar100_relaxed,85,18,20,60,source_F,I,25
cifar100_relaxed,86,16,16,60,source_F,I,25
cifar100_relaxed,87,18,18,60,source_F,I,25
cifar100_relaxed,88,15,15,60,source_F,I,25
cifar100_relaxed,89,14,14,60,source_F,I,25
cifar100_relaxed,90,13,14,60,source_F,I,25
cifar100_relaxed,91,17,16,60,source_F,I,25
cifar100_relaxed,92,12,12,60,source_F,I,25
cifar100_relaxed,93,8,8,60,source_F,I,25
cifar100_relaxed,94,22,22,60,source_F,I,25
cifar100_relaxed,95,16,16,60,source_F,I,25
cifar100_relaxed,96,13,12,60,source_F,I,25
cifar100_relaxed,97,11,12,60,source_F,I,25
cifar100_relaxed,98,11,11,60,source_F,I,25
cifar100_relaxed,99,15,18,60,source_F,I,25
cifar100_relaxed,0,19,20,61,source_F,I,25
cifar100_relaxed,1,12,13,61,source_F,I,25
cifar100_relaxed,2,15,15,61,source_F,I,25
cifar100_relaxed,3,12,12,61,source_F,I,25
cifar100_relaxed,4,6,6,61,source_F,I,25
cifar100_relaxed,5,14,14,61,source_F,I,25
cifar100_relaxed,6,14,14,61,source_F,I,25
cifar100_relaxed,7,12,11,61,source_F,I,25
cifar100_relaxed,8,21,22,61,source_F,I,25
cifar100_relaxed,9,12,12,61,source_F,I,25
cifar100_relaxed,10,9,9,61,source_F,I,25
cifar100_relaxed,11,7,7,61,source_F,I,25
cifar100_relaxed,12,13,14,61,source_F,I,25
cifar100_relaxed,13,9,10,61,source_F,I,25
cifar100_relaxed,14,17,16,61,source_F,I,25
cifar100_relaxed,15,13,13,61,source_F,I,25
cifar100_relaxed,16,16,17,61,source_F,I,25
cifar100_relaxed,17,20,19,61,source_F,I,25
cifar100_relaxed,18,13,13,61,source_F,I,25
cifar100_relaxed,19,14,15,61,source_F,I,25
cifar100_relaxed,20,23,23,61,source_F,I,25
cifar100_relaxed,21,18,18,61,source_F,I,25
cifar100_relaxed,22,17,16,61,source_F,I,25
cifar100_relaxed,23,15,16,61,source_F,I,25
cifar100_relaxed,24,19,19,61,source_F,I,25
cifar100_relaxed,25,15,15,61,source_F,I,25
cifar100_relaxed,26,8,8,61,source_F,I,25
cifar100_relaxed,27,7,8,61,source_F,I,25
cifar100_relaxed,28,20,20,61,source_F,I,25
cifar100_relaxed,29,12,12,61,source_F,I,25
cifar100_relaxed,30,13,13,61,source_F,I,25
cifar100_relaxed,31,18,18,61,source_F,I,25
cifar100_relaxed,32,13,13,61,source_F,I,25
cifar100_relaxed,33,17,19,61,source_F,I,25
cifar100_relaxed,34,13,13,61,source_F,I,25
cifar100_relaxed,35,8,8,61,source_F,I,25
cifar100_relaxed,36,18,18,61,source_F,I,25
cifar100_relaxed,37,11,12,61,source_F,I,25
cifar100_relaxed,38,8,8,61,source_F,I,25
cifar100_relaxed,39,18,18,61,source_F,I,25
cifar100_relaxed,40,16,16,61,source_F,I,25
cifar100_relaxed,41,20,20,61,source_F,I,25
cifar100_relaxed,42,15,15,61,source_F,I,25
cifar100_relaxed,43,19,19,61,source_F,I,25
cifar100_relaxed,44,7,7,61,source_F,I,25
cifar100_relaxed,45,7,7,61,source_F,I,25
cifar100_relaxed,46,10,10,61,source_F,I,25
cifar100_relaxed,47,18,18,61,source_F,I,25
cifar100_relaxed,48,19,19,61,source_F,I,25
cifar100_relaxed,49,21,21,61,source_F,I,25
cifar100_relaxed,50,7,7,61,source_F,I,25
cifar100_relaxed,51,9,10,61,source_F,I,25
cifar100_relaxed,52,18,19,61,source_F,I,25
cifar100_relaxed,53,22,22,61,source_F,I,25
cifar100_relaxed,54,17,17,61,source_F,I,25
cifar100_relaxed,55,3,2,61,source_F,I,25
cifar100_relaxed,56,20,21,61,source_F,I,25
cifar100_relaxed,57,11,11,61,source_F,I,25
cifar100_relaxed,58,20,21,61,source_F,I,25
cifar100_relaxed,59,12,13,61,source_F,I,25
cifar100_relaxed,60,21,21,61,source_F,I,25
cifar100_relaxed,61,19,19,61,source_F,I,25
cifar100_relaxed,62,15,15,61,source_F,I,25
cifar100_relaxed,63,13,14,61,source_F,I,25
cifar100_relaxed,64,13,13,61,source_F,I,25
cifar100_relaxed,65,8,7,61,source_F,I,25
cifar100_relaxed,66,9,9,61,source_F,I,25
cifar100_relaxed,67,16,15,61,source_F,I,25
cifar100_relaxed,68,18,18,61,source_F,I,25
cifar100_relaxed,69,19,21,61,source_F,I,25
cifar100_relaxed,70,18,17,61,source_F,I,25
cifar100_relaxed,71,15,16,61,source_F,I,25
cifar100_relaxed,72,6,6,61,source_F,I,25
cifar100_relaxed,73,7,7,61,source_F,I,25
cifar100_relaxed,74,11,11,61,source_F,I,25
cifar100_relaxed,75,20,20,61,source_F,I,25
cifar100_relaxed,76,18,20,61,source_F,I,25
cifar100_relaxed,77,10,12,61,source_F,I,25
cifar100_relaxed,78,8,8,61,source_F,I,25
cifar100_relaxed,79,12,14,61,source_F,I,25
cifar100_relaxed,80,8,8,61,source_F,I,25
cifar100_relaxed,81,13,12,61,source_F,I,25
cifar100_relaxed,82,22,22,61,source_F,I,25
cifar100_relaxed,83,16,16,61,source_F,I,25
cifar100_relaxed,84,13,14,61,source_F,I,25
cifar100_relaxed,85,17,17,61,source_F,I,25
cifar100_relaxed,86,16,17,61,source_F,I,25
cifar100_relaxed,87,14,14,61,source_F,I,25
cifar100_relaxed,88,12,12,61,source_F,I,25
cifar100_relaxed,89,10,11,61,source_F,I,25
cifar100_relaxed,90,12,12,61,source_F,I,25
cifar100_relaxed,91,15,15,61,source_F,I,25
cifar100_relaxed,92,8,10,61,source_F,I,25
cifar100_relaxed,93,10,10,61,source_F,I,25
cifar100_relaxed,94,22,23,61,source_F,I,25
cifar100_relaxed,95,14,15,61,source_F,I,25
cifar100_relaxed,96,13,15,61,source_F,I,25
cifar100_relaxed,97,12,12,61,source_F,I,25
cifar100_relaxed,98,10,9,61,source_F,I,25
cifar100_relaxed,99,13,14,61,source_F,I,25
cifar100_relaxed,0,19,20,62,source_F,I,25
cifar100_relaxed,1,17,17,62,source_F,I,25
cifar100_relaxed,2,9,9,62,source_F,I,25
cifar100_relaxed,3,10,10,62,source_F,I,25
cifar100_relaxed,4,6,6,62,source_F,I,25
cifar100_relaxed,5,12,13,62,source_F,I,25
cifar100_relaxed,6,10,12,62,source_F,I,25
cifar100_relaxed,7,12,11,62,source_F,I,25
cifar100_relaxed,8,20,21,62,source_F,I,25
cifar100_relaxed,9,15,15,62,source_F,I,25
cifar100_relaxed,10,11,11,62,source_F,I,25
cifar100_relaxed,11,5,4,62,source_F,I,25
cifar100_relaxed,12,13,13,62,source_F,I,25
cifar100_relaxed,13,10,10,62,source_F,I,25
cifar100_relaxed,14,11,12,62,source_F,I,25
cifar100_relaxed,15,13,15,62,source_F,I,25
cifar100_relaxed,16,14,14,62,source_F,I,25
cifar100_relaxed,17,18,19,62,source_F,I,25
cifar100_relaxed,18,14,14,62,source_F,I,25
cifar100_relaxed,19,13,13,62,source_F,I,25
cifar100_relaxed,20,20,20,62,source_F,I,25
cifar100_relaxed,21,17,18,62,source_F,I,25
cifar100_relaxed,22,17,16,62,source_F,I,25
cifar100_relaxed,23,17,18,62,source_F,I,25
cifar100_relaxed,24,16,17,62,source_F,I,25
cifar100_relaxed,25,14,14,62,source_F,I,25
cifar100_relaxed,26,11,11,62,source_F,I,25
cifar100_relaxed,27,10,10,62,source_F,I,25
cifar100_relaxed,28,19,18,62,source_F,I,25
cifar100_relaxed,29,13,13,62,source_F,I,25
cifar100_relaxed,30,16,16,62,source_F,I,25
cifar100_relaxed,31,16,16,62,source_F,I,25
cifar100_relaxed,32,8,9,62,source_F,I,25
cifar100_relaxed,33,14,17,62,source_F,I,25
cifar100_relaxed,34,12,14,62,source_F,I,25
cifar100_relaxed,35,7,7,62,source_F,I,25
cifar100_relaxed,36,16,16,62,source_F,I,25
cifar100_relaxed,37,13,13,62,source_F,I,25
cifar100_relaxed,38,11,11,62,source_F,I,25
cifar100_relaxed,39,17,17,62,source_F,I,25
cifar100_relaxed,40,17,18,62,source_F,I,25
cifar100_relaxed,41,21,21,62,source_F,I,25
cifar100_relaxed,42,14,14,62,source_F,I,25
cifar100_relaxed,43,16,18,62,source_F,I,25
cifar100_relaxed,44,8,8,62,source_F,I,25
cifar100_relaxed,45,7,7,62,source_F,I,25
cifar100_relaxed,46,5,5,62,source_F,I,25
cifar100_relaxed,47,15,15,62,source_F,I,25
cifar100_relaxed,48,18,18,62,source_F,I,25
cifar100_relaxed,49,17,20,62,source_F,I,25
cifar100_relaxed,50,7,7,62,source_F,I,25
cifar100_relaxed,51,13,13,62,source_F,I,25
cifar100_relaxed,52,20,21,62,source_F,I,25
cifar100_relaxed,53,19,20,62,source_F,I,25
cifar100_relaxed,54,17,18,62,source_F,I,25
cifar100_relaxed,55,6,6,62,source_F,I,25
cifar100_relaxed,56,19,18,62,source_F,I,25
cifar100_relaxed,57,13,12,62,source_F,I,25
cifar100_relaxed,58,18,19,62,source_F,I,25
cifar100_relaxed,59,15,16,62,source_F,I,25
cifar100_relaxed,60,22,22,62,source_F,I,25
cifar100_relaxed,61,14,15,62,source_F,I,25
cifar100_relaxed,62,17,17,62,source_F,I,25
cifar100_relaxed,63,12,12,62,source_F,I,25
cifar100_relaxed,64,10,10,62,source_F,I,25
cifar100_relaxed,65,13,13,62,source_F,I,25
cifar100_relaxed,66,11,10,62,source_F,I,25
cifar100_relaxed,67,13,14,62,source_F,I,25
cifar100_relaxed,68,20,20,62,source_F,I,25
cifar100_relaxed,69,20,20,62,source_F,I,25
cifar100_relaxed,70,15,16,62,source_F,I,25
cifar100_relaxed,71,16,17,62,source_F,I,25
cifar100_relaxed,72,6,6,62,source_F,I,25
cifar100_relaxed,73,12,11,62,source_F,I,25
cifar100_relaxed,74,12,12,62,source_F,I,25
cifar100_relaxed,75,16,19,62,source_F,I,25
cifar100_relaxed,76,21,21,62,source_F,I,25
cifar100_relaxed,77,14,14,62,source_F,I,25
cifar100_relaxed,78,8,9,62,source_F,I,25
cifar100_relaxed,79,11,11,62,source_F,I,25
cifar100_relaxed,80,13,13,62,source_F,I,25
cifar100_relaxed,81,11,11,62,source_F,I,25
cifar100_relaxed,82,22,22,62,source_F,I,25
cifar100_relaxed,83,13,14,62,source_F,I,25
cifar100_relaxed,84,15,15,62,source_F,I,25
cifar100_relaxed,85,19,19,62,source_F,I,25
cifar100_relaxed,86,20,19,62,source_F,I,25
cifar100_relaxed,87,14,13,62,source_F,I,25
cifar100_relaxed,88,15,15,62,source_F,I,25
cifar100_relaxed,89,17,17,62,source_F,I,25
cifar100_relaxed,90,15,16,62,source_F,I,25
cifar100_relaxed,91,15,15,62,source_F,I,25
cifar100_relaxed,92,10,9,62,source_F,I,25
cifar100_relaxed,93,8,8,62,source_F,I,25
cifar100_relaxed,94,20,21,62,source_F,I,25
cifar100_relaxed,95,12,13,62,source_F,I,25
cifar100_relaxed,96,13,13,62,source_F,I,25
cifar100_relaxed,97,14,14,62,source_F,I,25
cifar100_relaxed,98,14,14,62,source_F,I,25
cifar100_relaxed,99,14,18,62,source_F,I,25
cifar100_relaxed,0,19,20,66,target_E,I,25
cifar100_relaxed,1,13,14,66,target_E,I,25
cifar100_relaxed,2,11,11,66,target_E,I,25
cifar100_relaxed,3,9,9,66,target_E,I,25
cifar100_relaxed,4,6,6,66,target_E,I,25
cifar100_relaxed,5,16,17,66,target_E,I,25
cifar100_relaxed,6,17,18,66,target_E,I,25
cifar100_relaxed,7,13,14,66,target_E,I,25
cifar100_relaxed,8,16,16,66,target_E,I,25
cifar100_relaxed,9,14,15,66,target_E,I,25
cifar100_relaxed,10,11,12,66,target_E,I,25
cifar100_relaxed,11,9,9,66,target_E,I,25
cifar100_relaxed,12,11,11,66,target_E,I,25
cifar100_relaxed,13,9,9,66,target_E,I,25
cifar100_relaxed,14,17,16,66,target_E,I,25
cifar100_relaxed,15,17,17,66,target_E,I,25
cifar100_relaxed,16,19,19,66,target_E,I,25
cifar100_relaxed,17,18,19,66,target_E,I,25
cifar100_relaxed,18,12,12,66,target_E,I,25
cifar100_relaxed,19,11,11,66,target_E,I,25
cifar100_relaxed,20,17,17,66,target_E,I,25
cifar100_relaxed,21,15,15,66,target_E,I,25
cifar100_relaxed,22,6,7,66,target_E,I,25
cifar100_relaxed,23,17,17,66,target_E,I,25
cifar100_relaxed,24,15,15,66,target_E,I,25
cifar100_relaxed,25,8,8,66,target_E,I,25
cifar100_relaxed,26,9,9,66,target_E,I,25
cifar100_relaxed,27,14,14,66,target_E,I,25
cifar100_relaxed,28,18,19,66,target_E,I,25
cifar100_relaxed,29,12,12,66,target_E,I,25
cifar100_relaxed,30,13,13,66,target_E,I,25
cifar100_relaxed,31,10,10,66,target_E,I,25
cifar100_relaxed,32,13,13,66,target_E,I,25
cifar100_relaxed,33,10,10,66,target_E,I,25
cifar100_relaxed,34,11,11,66,target_E,I,25
cifar100_relaxed,35,10,10,66,target_E,I,25
cifar100_relaxed,36,18,18,66,target_E,I,25
cifar100_relaxed,37,14,15,66,target_E,I,25
cifar100_relaxed,38,13,13,66,target_E,I,25
cifar100_relaxed,39,21,21,66,target_E,I,25
cifar100_relaxed,40,14,14,66,target_E,I,25
cifar100_relaxed,41,17,17,66,target_E,I,25
cifar100_relaxed,42,15,15,66,target_E,I,25
cifar100_relaxed,43,12,13,66,target_E,I,25
cifar100_relaxed,44,8,8,66,target_E,I,25
cifar100_relaxed,45,12,12,66,target_E,I,25
cifar100_relaxed,46,9,9,66,target_E,I,25
cifar100_relaxed,47,15,15,66,target_E,I,25
cifar100_relaxed,48,17,18,66,target_E,I,25
cifar100_relaxed,49,17,19,66,target_E,I,25
cifar100_relaxed,50,10,10,66,target_E,I,25
cifar100_relaxed,51,18,19,66,target_E,I,25
cifar100_relaxed,52,17,17,66,target_E,I,25
cifar100_relaxed,53,19,19,66,target_E,I,25
cifar100_relaxed,54,16,17,66,target_E,I,25
cifar100_relaxed,55,8,8,66,target_E,I,25
cifar100_relaxed,56,22,22,66,target_E,I,25
cifar100_relaxed,57,15,17,66,target_E,I,25
cifar100_relaxed,58,16,16,66,target_E,I,25
cifar100_relaxed,59,10,9,66,target_E,I,25
cifar100_relaxed,60,23,22,66,target_E,I,25
cifar100_relaxed,61,15,14,66,target_E,I,25
cifar100_relaxed,62,16,16,66,target_E,I,25
cifar100_relaxed,63,16,16,66,target_E,I,25
cifar100_relaxed,64,10,10,66,target_E,I,25
cifar100_relaxed,65,8,8,66,target_E,I,25
cifar100_relaxed,66,10,10,66,target_E,I,25
cifar100_relaxed,67,12,13,66,target_E,I,25
cifar100_relaxed,68,22,23,66,target_E,I,25
cifar100_relaxed,69,16,17,66,target_E,I,25
cifar100_relaxed,70,13,14,66,target_E,I,25
cifar100_relaxed,71,20,20,66,target_E,I,25
cifar100_relaxed,72,6,6,66,target_E,I,25
cifar100_relaxed,73,12,12,66,target_E,I,25
cifar100_relaxed,74,10,10,66,target_E,I,25
cifar100_relaxed,75,20,21,66,target_E,I,25
cifar100_relaxed,76,24,24,66,target_E,I,25
cifar100_relaxed,77,9,9,66,target_E,I,25
cifar100_relaxed,78,12,13,66,target_E,I,25
cifar100_relaxed,79,13,12,66,target_E,I,25
cifar100_relaxed,80,11,11,66,target_E,I,25
cifar100_relaxed,81,10,11,66,target_E,I,25
cifar100_relaxed,82,17,18,66,target_E,I,25
cifar100_relaxed,83,12,11,66,target_E,I,25
cifar100_relaxed,84,12,12,66,target_E,I,25
cifar100_relaxed,85,19,19,66,target_E,I,25
cifar100_relaxed,86,18,19,66,target_E,I,25
cifar100_relaxed,87,20,20,66,target_E,I,25
cifar100_relaxed,88,17,17,66,target_E,I,25
cifar100_relaxed,89,16,16,66,target_E,I,25
cifar100_relaxed,90,17,17,66,target_E,I,25
cifar100_relaxed,91,18,18,66,target_E,I,25
cifar100_relaxed,92,11,11,66,target_E,I,25
cifar100_relaxed,93,8,8,66,target_E,I,25
cifar100_relaxed,94,21,21,66,target_E,I,25
cifar100_relaxed,95,17,17,66,target_E,I,25
cifar100_relaxed,96,13,14,66,target_E,I,25
cifar100_relaxed,97,15,15,66,target_E,I,25
cifar100_relaxed,98,4,4,66,target_E,I,25
cifar100_relaxed,99,20,20,66,target_E,I,25
cifar100_relaxed,0,21,21,67,target_E,I,25
cifar100_relaxed,1,19,20,67,target_E,I,25
cifar100_relaxed,2,15,15,67,target_E,I,25
cifar100_relaxed,3,7,7,67,target_E,I,25
cifar100_relaxed,4,9,9,67,target_E,I,25
cifar100_relaxed,5,19,19,67,target_E,I,25
cifar100_relaxed,6,17,18,67,target_E,I,25
cifar100_relaxed,7,12,12,67,target_E,I,25
cifar100_relaxed,8,15,15,67,target_E,I,25
cifar100_relaxed,9,13,13,67,target_E,I,25
cifar100_relaxed,10,9,8,67,target_E,I,25
cifar100_relaxed,11,8,8,67,target_E,I,25
cifar100_relaxed,12,13,13,67,target_E,I,25
cifar100_relaxed,13,9,9,67,target_E,I,25
cifar100_relaxed,14,16,16,67,target_E,I,25
cifar100_relaxed,15,12,13,67,target_E,I,25
cifar100_relaxed,16,17,17,67,target_E,I,25
cifar100_relaxed,17,21,20,67,target_E,I,25
cifar100_relaxed,18,12,12,67,target_E,I,25
cifar100_relaxed,19,11,11,67,target_E,I,25
cifar100_relaxed,20,19,19,67,target_E,I,25
cifar100_relaxed,21,15,15,67,target_E,I,25
cifar100_relaxed,22,9,10,67,target_E,I,25
cifar100_relaxed,23,19,19,67,target_E,I,25
cifar100_relaxed,24,16,16,67,target_E,I,25
cifar100_relaxed,25,11,10,67,target_E,I,25
cifar100_relaxed,26,11,11,67,target_E,I,25
cifar100_relaxed,27,12,12,67,target_E,I,25
cifar100_relaxed,28,16,18,67,target_E,I,25
cifar100_relaxed,29,11,11,67,target_E,I,25
cifar100_relaxed,30,15,15,67,target_E,I,25
cifar100_relaxed,31,13,13,67,target_E,I,25
cifar100_relaxed,32,14,13,67,target_E,I,25
cifar100_relaxed,33,11,11,67,target_E,I,25
cifar100_relaxed,34,11,11,67,target_E,I,25
cifar100_relaxed,35,11,11,67,target_E,I,25
cifar100_relaxed,36,19,19,67,target_E,I,25
cifar100_relaxed,37,14,14,67,target_E,I,25
cifar100_relaxed,38,12,13,67,target_E,I,25
cifar100_relaxed,39,21,22,67,target_E,I,25
cifar100_relaxed,40,11,11,67,target_E,I,25
cifar100_relaxed,41,20,20,67,target_E,I,25
cifar100_relaxed,42,11,12,67,target_E,I,25
cifar100_relaxed,43,15,15,67,target_E,I,25
cifar100_relaxed,44,6,6,67,target_E,I,25
cifar100_relaxed,45,10,10,67,target_E,I,25
cifar100_relaxed,46,7,7,67,target_E,I,25
cifar100_relaxed,47,14,13,67,target_E,I,25
cifar100_relaxed,48,17,18,67,target_E,I,25
cifar100_relaxed,49,18,18,67,target_E,I,25
cifar100_relaxed,50,10,10,67,target_E,I,25
cifar100_relaxed,51,17,17,67,target_E,I,25
cifar100_relaxed,52,19,19,67,target_E,I,25
cifar100_relaxed,53,21,21,67,target_E,I,25
cifar100_relaxed,54,17,18,67,target_E,I,25
cifar100_relaxed,55,6,6,67,target_E,I,25
cifar100_relaxed,56,22,22,67,target_E,I,25
cifar100_relaxed,57,14,15,67,target_E,I,25
cifar100_relaxed,58,16,18,67,target_E,I,25
cifar100_relaxed,59,12,14,67,target_E,I,25
cifar100_relaxed,60,20,20,67,target_E,I,25
cifar100_relaxed,61,16,16,67,target_E,I,25
cifar100_relaxed,62,15,15,67,target_E,I,25
cifar100_relaxed,63,14,15,67,target_E,I,25
cifar100_relaxed,64,12,12,67,target_E,I,25
cifar100_relaxed,65,9,9,67,target_E,I,25
cifar100_relaxed,66,8,10,67,target_E,I,25
cifar100_relaxed,67,12,12,67,target_E,I,25
cifar100_relaxed,68,21,21,67,target_E,I,25
cifar100_relaxed,69,17,19,67,target_E,I,25
cifar100_relaxed,70,13,13,67,target_E,I,25
cifar100_relaxed,71,19,19,67,target_E,I,25
cifar100_relaxed,72,7,7,67,target_E,I,25
cifar100_relaxed,73,10,10,67,target_E,I,25
cifar100_relaxed,74,13,14,67,target_E,I,25
cifar100_relaxed,75,20,21,67,target_E,I,25
cifar100_relaxed,76,23,22,67,target_E,I,25
cifar100_relaxed,77,10,10,67,target_E,I,25
cifar100_relaxed,78,11,10,67,target_E,I,25
cifar100_relaxed,79,11,11,67,target_E,I,25
cifar100_relaxed,80,11,11,67,target_E,I,25
cifar100_relaxed,81,16,18,67,target_E,I,25
cifar100_relaxed,82,18,18,67,target_E,I,25
cifar100_relaxed,83,10,10,67,target_E,I,25
cifar100_relaxed,84,14,13,67,target_E,I,25
cifar100_relaxed,85,14,15,67,target_E,I,25
cifar100_relaxed,86,17,16,67,target_E,I,25
cifar100_relaxed,87,16,16,67,target_E,I,25
cifar100_relaxed,88,17,18,67,target_E,I,25
cifar100_relaxed,89,16,16,67,target_E,I,25
cifar100_relaxed,90,14,15,67,target_E,I,25
cifar100_relaxed,91,16,16,67,target_E,I,25
cifar100_relaxed,92,8,8,67,target_E,I,25
cifar100_relaxed,93,8,10,67,target_E,I,25
cifar100_relaxed,94,21,22,67,target_E,I,25
cifar100_relaxed,95,14,14,67,target_E,I,25
cifar100_relaxed,96,13,13,67,target_E,I,25
cifar100_relaxed,97,13,14,67,target_E,I,25
cifar100_relaxed,98,7,7,67,target_E,I,25
cifar100_relaxed,99,17,17,67,target_E,I,25
cifar100_relaxed,0,21,22,68,target_E,I,25
cifar100_relaxed,1,17,16,68,target_E,I,25
cifar100_relaxed,2,12,12,68,target_E,I,25
cifar100_relaxed,3,9,9,68,target_E,I,25
cifar100_relaxed,4,7,7,68,target_E,I,25
cifar100_relaxed,5,18,18,68,target_E,I,25
cifar100_relaxed,6,18,18,68,target_E,I,25
cifar100_relaxed,7,12,12,68,target_E,I,25
cifar100_relaxed,8,16,16,68,target_E,I,25
cifar100_relaxed,9,15,15,68,target_E,I,25
cifar100_relaxed,10,12,11,68,target_E,I,25
cifar100_relaxed,11,8,8,68,target_E,I,25
cifar100_relaxed,12,12,12,68,target_E,I,25
cifar100_relaxed,13,12,12,68,target_E,I,25
cifar100_relaxed,14,16,16,68,target_E,I,25
cifar100_relaxed,15,15,16,68,target_E,I,25
cifar100_relaxed,16,16,17,68,target_E,I,25
cifar100_relaxed,17,17,17,68,target_E,I,25
cifar100_relaxed,18,12,12,68,target_E,I,25
cifar100_relaxed,19,14,14,68,target_E,I,25
cifar100_relaxed,20,18,18,68,target_E,I,25
cifar100_relaxed,21,18,18,68,target_E,I,25
cifar100_relaxed,22,15,14,68,target_E,I,25
cifar100_relaxed,23,18,18,68,target_E,I,25
cifar100_relaxed,24,17,17,68,target_E,I,25
cifar100_relaxed,25,10,10,68,target_E,I,25
cifar100_relaxed,26,11,12,68,target_E,I,25
cifar100_relaxed,27,8,8,68,target_E,I,25
cifar100_relaxed,28,17,19,68,target_E,I,25
cifar100_relaxed,29,12,12,68,target_E,I,25
cifar100_relaxed,30,16,16,68,target_E,I,25
cifar100_relaxed,31,13,13,68,target_E,I,25
cifar100_relaxed,32,13,13,68,target_E,I,25
cifar100_relaxed,33,13,13,68,target_E,I,25
cifar100_relaxed,34,14,14,68,target_E,I,25
cifar100_relaxed,35,11,10,68,target_E,I,25
cifar100_relaxed,36,19,19,68,target_E,I,25
cifar100_relaxed,37,17,17,68,target_E,I,25
cifar100_relaxed,38,10,10,68,target_E,I,25
cifar100_relaxed,39,20,20,68,target_E,I,25
cifar100_relaxed,40,13,13,68,target_E,I,25
cifar100_relaxed,41,17,17,68,target_E,I,25
cifar100_relaxed,42,12,13,68,target_E,I,25
cifar100_relaxed,43,15,15,68,target_E,I,25
cifar100_relaxed,44,7,7,68,target_E,I,25
cifar100_relaxed,45,8,8,68,target_E,I,25
cifar100_relaxed,46,7,7,68,target_E,I,25
cifar100_relaxed,47,13,14,68,target_E,I,25
cifar100_relaxed,48,19,18,68,target_E,I,25
cifar100_relaxed,49,18,19,68,target_E,I,25
cifar100_relaxed,50,8,8,68,target_E,I,25
cifar100_relaxed,51,18,17,68,target_E,I,25
cifar100_relaxed,52,23,23,68,target_E,I,25
cifar100_relaxed,53,19,19,68,target_E,I,25
cifar100_relaxed,54,14,14,68,target_E,I,25
cifar100_relaxed,55,8,8,68,target_E,I,25
cifar100_relaxed,56,20,20,68,target_E,I,25
cifar100_relaxed,57,14,14,68,target_E,I,25
cifar100_relaxed,58,17,17,68,target_E,I,25
cifar100_relaxed,59,13,13,68,target_E,I,25
cifar100_relaxed,60,20,20,68,target_E,I,25
cifar100_relaxed,61,16,16,68,target_E,I,25
cifar100_relaxed,62,16,16,68,target_E,I,25
cifar100_relaxed,63,16,16,68,target_E,I,25
cifar100_relaxed,64,10,10,68,target_E,I,25
cifar100_relaxed,65,8,8,68,target_E,I,25
cifar100_relaxed,66,9,9,68,target_E,I,25
cifar100_relaxed,67,9,9,68,target_E,I,25
cifar100_relaxed,68,20,20,68,target_E,I,25
cifar100_relaxed,69,20,19,68,target_E,I,25
cifar100_relaxed,70,14,14,68,target_E,I,25
cifar100_relaxed,71,19,19,68,target_E,I,25
cifar100_relaxed,72,6,6,68,target_E,I,25
cifar100_relaxed,73,12,12,68,target_E,I,25
cifar100_relaxed,74,11,11,68,target_E,I,25
cifar100_relaxed,75,22,22,68,target_E,I,25
cifar100_relaxed,76,22,22,68,target_E,I,25
cifar100_relaxed,77,10,10,68,target_E,I,25
cifar100_relaxed,78,13,13,68,target_E,I,25
cifar100_relaxed,79,13,13,68,target_E,I,25
cifar100_relaxed,80,11,11,68,target_E,I,25
cifar100_relaxed,81,15,15,68,target_E,I,25
cifar100_relaxed,82,20,20,68,target_E,I,25
cifar100_relaxed,83,8,8,68,target_E,I,25
cifar100_relaxed,84,11,12,68,target_E,I,25
cifar100_relaxed,85,17,17,68,target_E,I,25
cifar100_relaxed,86,20,19,68,target_E,I,25
cifar100_relaxed,87,19,19,68,target_E,I,25
cifar100_relaxed,88,16,17,68,target_E,I,25
cifar100_relaxed,89,15,15,68,target_E,I,25
cifar100_relaxed,90,15,15,68,target_E,I,25
cifar100_relaxed,91,19,19,68,target_E,I,25
cifar100_relaxed,92,11,11,68,target_E,I,25
cifar100_relaxed,93,7,8,68,target_E,I,25
cifar100_relaxed,94,20,20,68,target_E,I,25
cifar100_relaxed,95,14,14,68,target_E,I,25
cifar100_relaxed,96,12,13,68,target_E,I,25
cifar100_relaxed,97,12,12,68,target_E,I,25
cifar100_relaxed,98,9,9,68,target_E,I,25
cifar100_relaxed,99,19,19,68,target_E,I,25
cifar100_relaxed,0,19,21,60,source_F,A,25
cifar100_relaxed,1,14,14,60,source_F,A,25
cifar100_relaxed,2,8,8,60,source_F,A,25
cifar100_relaxed,3,12,12,60,source_F,A,25
cifar100_relaxed,4,9,9,60,source_F,A,25
cifar100_relaxed,5,14,16,60,source_F,A,25
cifar100_relaxed,6,13,13,60,source_F,A,25
cifar100_relaxed,7,13,12,60,source_F,A,25
cifar100_relaxed,8,18,18,60,source_F,A,25
cifar100_relaxed,9,12,13,60,source_F,A,25
cifar100_relaxed,10,11,10,60,source_F,A,25
cifar100_relaxed,11,5,5,60,source_F,A,25
cifar100_relaxed,12,13,13,60,source_F,A,25
cifar100_relaxed,13,11,12,60,source_F,A,25
cifar100_relaxed,14,16,17,60,source_F,A,25
cifar100_relaxed,15,14,14,60,source_F,A,25
cifar100_relaxed,16,16,17,60,source_F,A,25
cifar100_relaxed,17,20,19,60,source_F,A,25
cifar100_relaxed,18,13,13,60,source_F,A,25
cifar100_relaxed,19,11,12,60,source_F,A,25
cifar100_relaxed,20,23,23,60,source_F,A,25
cifar100_relaxed,21,17,17,60,source_F,A,25
cifar100_relaxed,22,17,16,60,source_F,A,25
cifar100_relaxed,23,18,19,60,source_F,A,25
cifar100_relaxed,24,16,17,60,source_F,A,25
cifar100_relaxed,25,11,12,60,source_F,A,25
cifar100_relaxed,26,8,8,60,source_F,A,25
cifar100_relaxed,27,11,11,60,source_F,A,25
cifar100_relaxed,28,15,15,60,source_F,A,25
cifar100_relaxed,29,12,13,60,source_F,A,25
cifar100_relaxed,30,15,15,60,source_F,A,25
cifar100_relaxed,31,21,21,60,source_F,A,25
cifar100_relaxed,32,12,12,60,source_F,A,25
cifar100_relaxed,33,18,18,60,source_F,A,25
cifar100_relaxed,34,14,14,60,source_F,A,25
cifar100_relaxed,35,7,7,60,source_F,A,25
cifar100_relaxed,36,17,17,60,source_F,A,25
cifar100_relaxed,37,14,14,60,source_F,A,25
cifar100_relaxed,38,8,8,60,source_F,A,25
cifar100_relaxed,39,18,20,60,source_F,A,25
cifar100_relaxed,40,15,15,60,source_F,A,25
cifar100_relaxed,41,19,19,60,source_F,A,25
cifar100_relaxed,42,13,13,60,source_F,A,25
cifar100_relaxed,43,18,18,60,source_F,A,25
cifar100_relaxed,44,5,5,60,source_F,A,25
cifar100_relaxed,45,6,6,60,source_F,A,25
cifar100_relaxed,46,10,10,60,source_F,A,25
cifar100_relaxed,47,15,16,60,source_F,A,25
cifar100_relaxed,48,19,18,60,source_F,A,25
cifar100_relaxed,49,19,20,60,source_F,A,25
cifar100_relaxed,50,9,9,60,source_F,A,25
cifar100_relaxed,51,15,15,60,source_F,A,25
cifar100_relaxed,52,18,19,60,source_F,A,25
cifar100_relaxed,53,24,24,60,source_F,A,25
cifar100_relaxed,54,19,19,60,source_F,A,25
cifar100_relaxed,55,3,3,60,source_F,A,25
cifar100_relaxed,56,18,19,60,source_F,A,25
cifar100_relaxed,57,13,13,60,source_F,A,25
cifar100_relaxed,58,17,17,60,source_F,A,25
cifar100_relaxed,59,9,11,60,source_F,A,25
cifar100_relaxed,60,22,22,60,source_F,A,25
cifar100_relaxed,61,18,19,60,source_F,A,25
cifar100_relaxed,62,16,16,60,source_F,A,25
cifar100_relaxed,63,12,12,60,source_F,A,25
cifar100_relaxed,64,15,15,60,source_F,A,25
cifar100_relaxed,65,10,11,60,source_F,A,25
cifar100_relaxed,66,9,10,60,source_F,A,25
cifar100_relaxed,67,15,15,60,source_F,A,25
cifar100_relaxed,68,18,18,60,source_F,A,25
cifar100_relaxed,69,20,20,60,source_F,A,25
cifar100_relaxed,70,15,16,60,source_F,A,25
cifar100_relaxed,71,18,19,60,source_F,A,25
cifar100_relaxed,72,9,9,60,source_F,A,25
cifar100_relaxed,73,10,11,60,source_F,A,25
cifar100_relaxed,74,11,11,60,source_F,A,25
cifar100_relaxed,75,20,20,60,source_F,A,25
cifar100_relaxed,76,22,22,60,source_F,A,25
cifar100_relaxed,77,9,10,60,source_F,A,25
cifar100_relaxed,78,9,10,60,source_F,A,25
cifar100_relaxed,79,14,13,60,source_F,A,25
cifar100_relaxed,80,10,9,60,source_F,A,25
cifar100_relaxed,81,10,10,60,source_F,A,25
cifar100_relaxed,82,21,21,60,source_F,A,25
cifar100_relaxed,83,11,12,60,source_F,A,25
cifar100_relaxed,84,14,14,60,source_F,A,25
cifar100_relaxed,85,18,20,60,source_F,A,25
cifar100_relaxed,86,16,16,60,source_F,A,25
cifar100_relaxed,87,18,18,60,source_F,A,25
cifar100_relaxed,88,15,15,60,source_F,A,25
cifar100_relaxed,89,14,14,60,source_F,A,25
cifar100_relaxed,90,13,14,60,source_F,A,25
cifar100_relaxed,91,17,16,60,source_F,A,25
cifar100_relaxed,92,12,12,60,source_F,A,25
cifar100_relaxed,93,8,8,60,source_F,A,25
cifar100_relaxed,94,22,22,60,source_F,A,25
cifar100_relaxed,95,16,16,60,source_F,A,25
cifar100_relaxed,96,13,12,60,source_F,A,25
cifar100_relaxed,97,11,12,60,source_F,A,25
cifar100_relaxed,98,11,11,60,source_F,A,25
cifar100_relaxed,99,15,18,60,source_F,A,25
cifar100_relaxed,0,19,20,61,source_F,A,25
cifar100_relaxed,1,12,12,61,source_F,A,25
cifar100_relaxed,2,15,15,61,source_F,A,25
cifar100_relaxed,3,12,12,61,source_F,A,25
cifar100_relaxed,4,6,6,61,source_F,A,25
cifar100_relaxed,5,14,14,61,source_F,A,25
cifar100_relaxed,6,14,14,61,source_F,A,25
cifar100_relaxed,7,12,11,61,source_F,A,25
cifar100_relaxed,8,21,22,61,source_F,A,25
cifar100_relaxed,9,12,12,61,source_F,A,25
cifar100_relaxed,10,9,9,61,source_F,A,25
cifar100_relaxed,11,7,7,61,source_F,A,25
cifar100_relaxed,12,13,14,61,source_F,A,25
cifar100_relaxed,13,9,10,61,source_F,A,25
cifar100_relaxed,14,17,16,61,source_F,A,25
cifar100_relaxed,15,13,14,61,source_F,A,25
cifar100_relaxed,16,16,16,61,source_F,A,25
cifar100_relaxed,17,20,19,61,source_F,A,25
cifar100_relaxed,18,13,13,61,source_F,A,25
cifar100_relaxed,19,14,15,61,source_F,A,25
cifar100_relaxed,20,23,23,61,source_F,A,25
cifar100_relaxed,21,18,18,61,source_F,A,25
cifar100_relaxed,22,17,16,61,source_F,A,25
cifar100_relaxed,23,15,16,61,source_F,A,25
cifar100_relaxed,24,19,19,61,source_F,A,25
cifar100_relaxed,25,15,15,61,source_F,A,25
cifar100_relaxed,26,8,8,61,source_F,A,25
cifar100_relaxed,27,7,8,61,source_F,A,25
cifar100_relaxed,28,20,20,61,source_F,A,25
cifar100_relaxed,29,12,12,61,source_F,A,25
cifar100_relaxed,30,13,13,61,source_F,A,25
cifar100_relaxed,31,18,18,61,source_F,A,25
cifar100_relaxed,32,13,13,61,source_F,A,25
cifar100_relaxed,33,17,18,61,source_F,A,25
cifar100_relaxed,34,13,13,61,source_F,A,25
cifar100_relaxed,35,8,8,61,source_F,A,25
cifar100_relaxed,36,18,18,61,source_F,A,25
cifar100_relaxed,37,11,12,61,source_F,A,25
cifar100_relaxed,38,8,8,61,source_F,A,25
cifar100_relaxed,39,18,18,61,source_F,A,25
cifar100_relaxed,40,16,16,61,source_F,A,25
cifar100_relaxed,41,20,20,61,source_F,A,25
cifar100_relaxed,42,15,15,61,source_F,A,25
cifar100_relaxed,43,19,19,61,source_F,A,25
cifar100_relaxed,44,7,7,61,source_F,A,25
cifar100_relaxed,45,7,7,61,source_F,A,25
cifar100_relaxed,46,10,10,61,source_F,A,25
cifar100_relaxed,47,18,18,61,source_F,A,25
cifar100_relaxed,48,19,19,61,source_F,A,25
cifar100_relaxed,49,21,21,61,source_F,A,25
cifar100_relaxed,50,7,6,61,source_F,A,25
cifar100_relaxed,51,9,10,61,source_F,A,25
cifar100_relaxed,52,18,19,61,source_F,A,25
cifar100_relaxed,53,22,22,61,source_F,A,25
cifar100_relaxed,54,17,17,61,source_F,A,25
cifar100_relaxed,55,3,3,61,source_F,A,25
cifar100_relaxed,56,20,21,61,source_F,A,25
cifar100_relaxed,57,11,11,61,source_F,A,25
cifar100_relaxed,58,20,21,61,source_F,A,25
cifar100_relaxed,59,12,12,61,source_F,A,25
cifar100_relaxed,60,21,21,61,source_F,A,25
cifar100_relaxed,61,19,19,61,source_F,A,25
cifar100_relaxed,62,15,15,61,source_F,A,25
cifar100_relaxed,63,13,14,61,source_F,A,25
cifar100_relaxed,64,13,13,61,source_F,A,25
cifar100_relaxed,65,8,7,61,source_F,A,25
cifar100_relaxed,66,9,9,61,source_F,A,25
cifar100_relaxed,67,16,16,61,source_F,A,25
cifar100_relaxed,68,18,18,61,source_F,A,25
cifar100_relaxed,69,19,21,61,source_F,A,25
cifar100_relaxed,70,18,17,61,source_F,A,25
cifar100_relaxed,71,15,16,61,source_F,A,25
cifar100_relaxed,72,6,6,61,source_F,A,25
cifar100_relaxed,73,7,7,61,source_F,A,25
cifar100_relaxed,74,11,11,61,source_F,A,25
cifar100_relaxed,75,20,20,61,source_F,A,25
cifar100_relaxed,76,18,20,61,source_F,A,25
cifar100_relaxed,77,10,12,61,source_F,A,25
cifar100_relaxed,78,8,8,61,source_F,A,25
cifar100_relaxed,79,12,12,61,source_F,A,25
cifar100_relaxed,80,8,8,61,source_F,A,25
cifar100_relaxed,81,13,12,61,source_F,A,25
cifar100_relaxed,82,22,22,61,source_F,A,25
cifar100_relaxed,83,16,16,61,source_F,A,25
cifar100_relaxed,84,13,14,61,source_F,A,25
cifar100_relaxed,85,17,17,61,source_F,A,25
cifar100_relaxed,86,16,17,61,source_F,A,25
cifar100_relaxed,87,14,14,61,source_F,A,25
cifar100_relaxed,88,12,12,61,source_F,A,25
cifar100_relaxed,89,10,10,61,source_F,A,25
cifar100_relaxed,90,12,12,61,source_F,A,25
cifar100_relaxed,91,15,15,61,source_F,A,25
cifar100_relaxed,92,8,9,61,source_F,A,25
cifar100_relaxed,93,10,10,61,source_F,A,25
cifar100_relaxed,94,22,23,61,source_F,A,25
cifar100_relaxed,95,14,15,61,source_F,A,25
cifar100_relaxed,96,13,15,61,source_F,A,25
cifar100_relaxed,97,12,12,61,source_F,A,25
cifar100_relaxed,98,10,10,61,source_F,A,25
cifar100_relaxed,99,13,14,61,source_F,A,25
cifar100_relaxed,0,19,20,62,source_F,A,25
cifar100_relaxed,1,17,17,62,source_F,A,25
cifar100_relaxed,2,9,9,62,source_F,A,25
cifar100_relaxed,3,10,10,62,source_F,A,25
cifar100_relaxed,4,6,6,62,source_F,A,25
cifar100_relaxed,5,12,13,62,source_F,A,25
cifar100_relaxed,6,10,10,62,source_F,A,25
cifar100_relaxed,7,12,11,62,source_F,A,25
cifar100_relaxed,8,20,21,62,source_F,A,25
cifar100_relaxed,9,15,15,62,source_F,A,25
cifar100_relaxed,10,11,11,62,source_F,A,25
cifar100_relaxed,11,5,4,62,source_F,A,25
cifar100_relaxed,12,13,13,62,source_F,A,25
cifar100_relaxed,13,10,10,62,source_F,A,25
cifar100_relaxed,14,11,12,62,source_F,A,25
cifar100_relaxed,15,13,15,62,source_F,A,25
cifar100_relaxed,16,14,14,62,source_F,A,25
cifar100_relaxed,17,18,19,62,source_F,A,25
cifar100_relaxed,18,14,14,62,source_F,A,25
cifar100_relaxed,19,13,13,62,source_F,A,25
cifar100_relaxed,20,20,20,62,source_F,A,25
cifar100_relaxed,21,17,18,62,source_F,A,25
cifar100_relaxed,22,17,17,62,source_F,A,25
cifar100_relaxed,23,17,18,62,source_F,A,25
cifar100_relaxed,24,16,17,62,source_F,A,25
cifar100_relaxed,25,14,14,62,source_F,A,25
cifar100_relaxed,26,11,11,62,source_F,A,25
cifar100_relaxed,27,10,10,62,source_F,A,25
cifar100_relaxed,28,19,18,62,source_F,A,25
cifar100_relaxed,29,13,13,62,source_F,A,25
cifar100_relaxed,30,16,16,62,source_F,A,25
cifar100_relaxed,31,16,16,62,source_F,A,25
cifar100_relaxed,32,8,9,62,source_F,A,25
cifar100_relaxed,33,14,16,62,source_F,A,25
cifar100_relaxed,34,12,12,62,source_F,A,25
cifar100_relaxed,35,7,7,62,source_F,A,25
cifar100_relaxed,36,16,16,62,source_F,A,25
cifar100_relaxed,37,13,12,62,source_F,A,25
cifar100_relaxed,38,11,11,62,source_F,A,25
cifar100_relaxed,39,17,17,62,source_F,A,25
cifar100_relaxed,40,17,18,62,source_F,A,25
cifar100_relaxed,41,21,21,62,source_F,A,25
cifar100_relaxed,42,14,14,62,source_F,A,25
cifar100_relaxed,43,16,18,62,source_F,A,25
cifar100_relaxed,44,8,8,62,source_F,A,25
cifar100_relaxed,45,7,7,62,source_F,A,25
cifar100_relaxed,46,5,5,62,source_F,A,25
cifar100_relaxed,47,15,15,62,source_F,A,25
cifar100_relaxed,48,18,18,62,source_F,A,25
cifar100_relaxed,49,17,20,62,source_F,A,25
cifar100_relaxed,50,7,7,62,source_F,A,25
cifar100_relaxed,51,13,13,62,source_F,A,25
cifar100_relaxed,52,20,20,62,source_F,A,25
cifar100_relaxed,53,19,20,62,source_F,A,25
cifar100_relaxed,54,17,18,62,source_F,A,25
cifar100_relaxed,55,6,6,62,source_F,A,25
cifar100_relaxed,56,19,18,62,source_F,A,25
cifar100_relaxed,57,13,12,62,source_F,A,25
cifar100_relaxed,58,18,19,62,source_F,A,25
cifar100_relaxed,59,15,16,62,source_F,A,25
cifar100_relaxed,60,22,22,62,source_F,A,25
cifar100_relaxed,61,14,14,62,source_F,A,25
cifar100_relaxed,62,17,17,62,source_F,A,25
cifar100_relaxed,63,12,12,62,source_F,A,25
cifar100_relaxed,64,10,10,62,source_F,A,25
cifar100_relaxed,65,13,13,62,source_F,A,25
cifar100_relaxed,66,11,10,62,source_F,A,25
cifar100_relaxed,67,13,14,62,source_F,A,25
cifar100_relaxed,68,20,20,62,source_F,A,25
cifar100_relaxed,69,20,20,62,source_F,A,25
cifar100_relaxed,70,15,16,62,source_F,A,25
cifar100_relaxed,71,16,17,62,source_F,A,25
cifar100_relaxed,72,6,6,62,source_F,A,25
cifar100_relaxed,73,12,11,62,source_F,A,25
cifar100_relaxed,74,12,12,62,source_F,A,25
cifar100_relaxed,75,16,19,62,source_F,A,25
cifar100_relaxed,76,21,21,62,source_F,A,25
cifar100_relaxed,77,14,14,62,source_F,A,25
cifar100_relaxed,78,8,8,62,source_F,A,25
cifar100_relaxed,79,11,11,62,source_F,A,25
cifar100_relaxed,80,13,13,62,source_F,A,25
cifar100_relaxed,81,11,11,62,source_F,A,25
cifar100_relaxed,82,22,22,62,source_F,A,25
cifar100_relaxed,83,13,14,62,source_F,A,25
cifar100_relaxed,84,15,15,62,source_F,A,25
cifar100_relaxed,85,19,19,62,source_F,A,25
cifar100_relaxed,86,20,20,62,source_F,A,25
cifar100_relaxed,87,14,13,62,source_F,A,25
cifar100_relaxed,88,15,16,62,source_F,A,25
cifar100_relaxed,89,17,17,62,source_F,A,25
cifar100_relaxed,90,15,16,62,source_F,A,25
cifar100_relaxed,91,15,15,62,source_F,A,25
cifar100_relaxed,92,10,9,62,source_F,A,25
cifar100_relaxed,93,8,8,62,source_F,A,25
cifar100_relaxed,94,20,20,62,source_F,A,25
cifar100_relaxed,95,12,13,62,source_F,A,25
cifar100_relaxed,96,13,13,62,source_F,A,25
cifar100_relaxed,97,14,14,62,source_F,A,25
cifar100_relaxed,98,14,14,62,source_F,A,25
cifar100_relaxed,99,14,17,62,source_F,A,25
cifar100_relaxed,0,19,20,66,target_E,A,25
cifar100_relaxed,1,13,14,66,target_E,A,25
cifar100_relaxed,2,11,11,66,target_E,A,25
cifar100_relaxed,3,9,9,66,target_E,A,25
cifar100_relaxed,4,6,6,66,target_E,A,25
cifar100_relaxed,5,16,17,66,target_E,A,25
cifar100_relaxed,6,17,18,66,target_E,A,25
cifar100_relaxed,7,13,15,66,target_E,A,25
cifar100_relaxed,8,16,15,66,target_E,A,25
cifar100_relaxed,9,14,15,66,target_E,A,25
cifar100_relaxed,10,11,12,66,target_E,A,25
cifar100_relaxed,11,9,9,66,target_E,A,25
cifar100_relaxed,12,11,11,66,target_E,A,25
cifar100_relaxed,13,9,8,66,target_E,A,25
cifar100_relaxed,14,17,16,66,target_E,A,25
cifar100_relaxed,15,17,17,66,target_E,A,25
cifar100_relaxed,16,19,19,66,target_E,A,25
cifar100_relaxed,17,18,19,66,target_E,A,25
cifar100_relaxed,18,12,12,66,target_E,A,25
cifar100_relaxed,19,11,11,66,target_E,A,25
cifar100_relaxed,20,17,17,66,target_E,A,25
cifar100_relaxed,21,15,15,66,target_E,A,25
cifar100_relaxed,22,6,6,66,target_E,A,25
cifar100_relaxed,23,17,17,66,target_E,A,25
cifar100_relaxed,24,15,15,66,target_E,A,25
cifar100_relaxed,25,8,8,66,target_E,A,25
cifar100_relaxed,26,9,9,66,target_E,A,25
cifar100_relaxed,27,14,14,66,target_E,A,25
cifar100_relaxed,28,18,19,66,target_E,A,25
cifar100_relaxed,29,12,13,66,target_E,A,25
cifar100_relaxed,30,13,13,66,target_E,A,25
cifar100_relaxed,31,10,10,66,target_E,A,25
cifar100_relaxed,32,13,13,66,target_E,A,25
cifar100_relaxed,33,10,10,66,target_E,A,25
cifar100_relaxed,34,11,11,66,target_E,A,25
cifar100_relaxed,35,10,10,66,target_E,A,25
cifar100_relaxed,36,18,18,66,target_E,A,25
cifar100_relaxed,37,14,15,66,target_E,A,25
cifar100_relaxed,38,13,13,66,target_E,A,25
cifar100_relaxed,39,21,21,66,target_E,A,25
cifar100_relaxed,40,14,14,66,target_E,A,25
cifar100_relaxed,41,17,18,66,target_E,A,25
cifar100_relaxed,42,15,15,66,target_E,A,25
cifar100_relaxed,43,12,13,66,target_E,A,25
cifar100_relaxed,44,8,8,66,target_E,A,25
cifar100_relaxed,45,12,12,66,target_E,A,25
cifar100_relaxed,46,9,9,66,target_E,A,25
cifar100_relaxed,47,15,15,66,target_E,A,25
cifar100_relaxed,48,17,18,66,target_E,A,25
cifar100_relaxed,49,17,19,66,target_E,A,25
cifar100_relaxed,50,10,10,66,target_E,A,25
cifar100_relaxed,51,18,19,66,target_E,A,25
cifar100_relaxed,52,17,17,66,target_E,A,25
cifar100_relaxed,53,19,19,66,target_E,A,25
cifar100_relaxed,54,16,17,66,target_E,A,25
cifar100_relaxed,55,8,8,66,target_E,A,25
cifar100_relaxed,56,22,22,66,target_E,A,25
cifar100_relaxed,57,15,17,66,target_E,A,25
cifar100_relaxed,58,16,16,66,target_E,A,25
cifar100_relaxed,59,10,9,66,target_E,A,25
cifar100_relaxed,60,23,22,66,target_E,A,25
cifar100_relaxed,61,15,14,66,target_E,A,25
cifar100_relaxed,62,16,16,66,target_E,A,25
cifar100_relaxed,63,16,16,66,target_E,A,25
cifar100_relaxed,64,10,10,66,target_E,A,25
cifar100_relaxed,65,8,8,66,target_E,A,25
cifar100_relaxed,66,10,10,66,target_E,A,25
cifar100_relaxed,67,12,13,66,target_E,A,25
cifar100_relaxed,68,22,23,66,target_E,A,25
cifar100_relaxed,69,16,17,66,target_E,A,25
cifar100_relaxed,70,13,14,66,target_E,A,25
cifar100_relaxed,71,20,20,66,target_E,A,25
cifar100_relaxed,72,6,6,66,target_E,A,25
cifar100_relaxed,73,12,12,66,target_E,A,25
cifar100_relaxed,74,10,10,66,target_E,A,25
cifar100_relaxed,75,20,21,66,target_E,A,25
cifar100_relaxed,76,24,24,66,target_E,A,25
cifar100_relaxed,77,9,9,66,target_E,A,25
cifar100_relaxed,78,12,14,66,target_E,A,25
cifar100_relaxed,79,13,13,66,target_E,A,25
cifar100_relaxed,80,11,11,66,target_E,A,25
cifar100_relaxed,81,10,11,66,target_E,A,25
cifar100_relaxed,82,17,18,66,target_E,A,25
cifar100_relaxed,83,12,10,66,target_E,A,25
cifar100_relaxed,84,12,12,66,target_E,A,25
cifar100_relaxed,85,19,19,66,target_E,A,25
cifar100_relaxed,86,18,19,66,target_E,A,25
cifar100_relaxed,87,20,20,66,target_E,A,25
cifar100_relaxed,88,17,17,66,target_E,A,25
cifar100_relaxed,89,16,16,66,target_E,A,25
cifar100_relaxed,90,17,17,66,target_E,A,25
cifar100_relaxed,91,18,18,66,target_E,A,25
cifar100_relaxed,92,11,12,66,target_E,A,25
cifar100_relaxed,93,8,8,66,target_E,A,25
cifar100_relaxed,94,21,22,66,target_E,A,25
cifar100_relaxed,95,17,17,66,target_E,A,25
cifar100_relaxed,96,13,14,66,target_E,A,25
cifar100_relaxed,97,15,15,66,target_E,A,25
cifar100_relaxed,98,4,4,66,target_E,A,25
cifar100_relaxed,99,20,20,66,target_E,A,25
cifar100_relaxed,0,21,21,67,target_E,A,25
cifar100_relaxed,1,19,20,67,target_E,A,25
cifar100_relaxed,2,15,15,67,target_E,A,25
cifar100_relaxed,3,7,7,67,target_E,A,25
cifar100_relaxed,4,9,9,67,target_E,A,25
cifar100_relaxed,5,19,19,67,target_E,A,25
cifar100_relaxed,6,17,18,67,target_E,A,25
cifar100_relaxed,7,12,12,67,target_E,A,25
cifar100_relaxed,8,15,15,67,target_E,A,25
cifar100_relaxed,9,13,13,67,target_E,A,25
cifar100_relaxed,10,9,8,67,target_E,A,25
cifar100_relaxed,11,8,8,67,target_E,A,25
cifar100_relaxed,12,13,13,67,target_E,A,25
cifar100_relaxed,13,9,9,67,target_E,A,25
cifar100_relaxed,14,16,16,67,target_E,A,25
cifar100_relaxed,15,12,13,67,target_E,A,25
cifar100_relaxed,16,17,17,67,target_E,A,25
cifar100_relaxed,17,21,20,67,target_E,A,25
cifar100_relaxed,18,12,12,67,target_E,A,25
cifar100_relaxed,19,11,11,67,target_E,A,25
cifar100_relaxed,20,19,19,67,target_E,A,25
cifar100_relaxed,21,15,15,67,target_E,A,25
cifar100_relaxed,22,9,10,67,target_E,A,25
cifar100_relaxed,23,19,19,67,target_E,A,25
cifar100_relaxed,24,16,16,67,target_E,A,25
cifar100_relaxed,25,11,10,67,target_E,A,25
cifar100_relaxed,26,11,11,67,target_E,A,25
cifar100_relaxed,27,12,12,67,target_E,A,25
cifar100_relaxed,28,16,18,67,target_E,A,25
cifar100_relaxed,29,11,11,67,target_E,A,25
cifar100_relaxed,30,15,15,67,target_E,A,25
cifar100_relaxed,31,13,13,67,target_E,A,25
cifar100_relaxed,32,14,13,67,target_E,A,25
cifar100_relaxed,33,11,11,67,target_E,A,25
cifar100_relaxed,34,11,11,67,target_E,A,25
cifar100_relaxed,35,11,11,67,target_E,A,25
cifar100_relaxed,36,19,19,67,target_E,A,25
cifar100_relaxed,37,14,14,67,target_E,A,25
cifar100_relaxed,38,12,13,67,target_E,A,25
cifar100_relaxed,39,21,22,67,target_E,A,25
cifar100_relaxed,40,11,11,67,target_E,A,25
cifar100_relaxed,41,20,20,67,target_E,A,25
cifar100_relaxed,42,11,12,67,target_E,A,25
cifar100_relaxed,43,15,15,67,target_E,A,25
cifar100_relaxed,44,6,6,67,target_E,A,25
cifar100_relaxed,45,10,10,67,target_E,A,25
cifar100_relaxed,46,7,7,67,target_E,A,25
cifar100_relaxed,47,14,13,67,target_E,A,25
cifar100_relaxed,48,17,18,67,target_E,A,25
cifar100_relaxed,49,18,18,67,target_E,A,25
cifar100_relaxed,50,10,10,67,target_E,A,25
cifar100_relaxed,51,17,17,67,target_E,A,25
cifar100_relaxed,52,19,19,67,target_E,A,25
cifar100_relaxed,53,21,21,67,target_E,A,25
cifar100_relaxed,54,17,18,67,target_E,A,25
cifar100_relaxed,55,6,6,67,target_E,A,25
cifar100_relaxed,56,22,22,67,target_E,A,25
cifar100_relaxed,57,14,15,67,target_E,A,25
cifar100_relaxed,58,16,18,67,target_E,A,25
cifar100_relaxed,59,12,14,67,target_E,A,25
cifar100_relaxed,60,20,20,67,target_E,A,25
cifar100_relaxed,61,16,16,67,target_E,A,25
cifar100_relaxed,62,15,15,67,target_E,A,25
cifar100_relaxed,63,14,15,67,target_E,A,25
cifar100_relaxed,64,12,12,67,target_E,A,25
cifar100_relaxed,65,9,9,67,target_E,A,25
cifar100_relaxed,66,8,10,67,target_E,A,25
cifar100_relaxed,67,12,12,67,target_E,A,25
cifar100_relaxed,68,21,21,67,target_E,A,25
cifar100_relaxed,69,17,19,67,target_E,A,25
cifar100_relaxed,70,13,13,67,target_E,A,25
cifar100_relaxed,71,19,19,67,target_E,A,25
cifar100_relaxed,72,7,7,67,target_E,A,25
cifar100_relaxed,73,10,10,67,target_E,A,25
cifar100_relaxed,74,13,14,67,target_E,A,25
cifar100_relaxed,75,20,21,67,target_E,A,25
cifar100_relaxed,76,23,22,67,target_E,A,25
cifar100_relaxed,77,10,10,67,target_E,A,25
cifar100_relaxed,78,11,10,67,target_E,A,25
cifar100_relaxed,79,11,11,67,target_E,A,25
cifar100_relaxed,80,11,11,67,target_E,A,25
cifar100_relaxed,81,16,18,67,target_E,A,25
cifar100_relaxed,82,18,18,67,target_E,A,25
cifar100_relaxed,83,10,10,67,target_E,A,25
cifar100_relaxed,84,14,13,67,target_E,A,25
cifar100_relaxed,85,14,15,67,target_E,A,25
cifar100_relaxed,86,17,16,67,target_E,A,25
cifar100_relaxed,87,16,16,67,target_E,A,25
cifar100_relaxed,88,17,18,67,target_E,A,25
cifar100_relaxed,89,16,16,67,target_E,A,25
cifar100_relaxed,90,14,15,67,target_E,A,25
cifar100_relaxed,91,16,16,67,target_E,A,25
cifar100_relaxed,92,8,8,67,target_E,A,25
cifar100_relaxed,93,8,10,67,target_E,A,25
cifar100_relaxed,94,21,22,67,target_E,A,25
cifar100_relaxed,95,14,14,67,target_E,A,25
cifar100_relaxed,96,13,13,67,target_E,A,25
cifar100_relaxed,97,13,14,67,target_E,A,25
cifar100_relaxed,98,7,7,67,target_E,A,25
cifar100_relaxed,99,17,17,67,target_E,A,25
cifar100_relaxed,0,21,22,68,target_E,A,25
cifar100_relaxed,1,17,16,68,target_E,A,25
cifar100_relaxed,2,12,12,68,target_E,A,25
cifar100_relaxed,3,9,8,68,target_E,A,25
cifar100_relaxed,4,7,8,68,target_E,A,25
cifar100_relaxed,5,18,18,68,target_E,A,25
cifar100_relaxed,6,18,18,68,target_E,A,25
cifar100_relaxed,7,12,11,68,target_E,A,25
cifar100_relaxed,8,16,17,68,target_E,A,25
cifar100_relaxed,9,15,15,68,target_E,A,25
cifar100_relaxed,10,12,11,68,target_E,A,25
cifar100_relaxed,11,8,8,68,target_E,A,25
cifar100_relaxed,12,12,12,68,target_E,A,25
cifar100_relaxed,13,12,13,68,target_E,A,25
cifar100_relaxed,14,16,16,68,target_E,A,25
cifar100_relaxed,15,15,16,68,target_E,A,25
cifar100_relaxed,16,16,17,68,target_E,A,25
cifar100_relaxed,17,17,18,68,target_E,A,25
cifar100_relaxed,18,12,12,68,target_E,A,25
cifar100_relaxed,19,14,14,68,target_E,A,25
cifar100_relaxed,20,18,18,68,target_E,A,25
cifar100_relaxed,21,18,18,68,target_E,A,25
cifar100_relaxed,22,15,14,68,target_E,A,25
cifar100_relaxed,23,18,19,68,target_E,A,25
cifar100_relaxed,24,17,17,68,target_E,A,25
cifar100_relaxed,25,10,10,68,target_E,A,25
cifar100_relaxed,26,11,12,68,target_E,A,25
cifar100_relaxed,27,8,9,68,target_E,A,25
cifar100_relaxed,28,17,19,68,target_E,A,25
cifar100_relaxed,29,12,12,68,target_E,A,25
cifar100_relaxed,30,16,16,68,target_E,A,25
cifar100_relaxed,31,13,13,68,target_E,A,25
cifar100_relaxed,32,13,13,68,target_E,A,25
cifar100_relaxed,33,13,13,68,target_E,A,25
cifar100_relaxed,34,14,14,68,target_E,A,25
cifar100_relaxed,35,11,10,68,target_E,A,25
cifar100_relaxed,36,19,19,68,target_E,A,25
cifar100_relaxed,37,17,17,68,target_E,A,25
cifar100_relaxed,38,10,10,68,target_E,A,25
cifar100_relaxed,39,20,21,68,target_E,A,25
cifar100_relaxed,40,13,13,68,target_E,A,25
cifar100_relaxed,41,17,18,68,target_E,A,25
cifar100_relaxed,42,12,14,68,target_E,A,25
cifar100_relaxed,43,15,14,68,target_E,A,25
cifar100_relaxed,44,7,7,68,target_E,A,25
cifar100_relaxed,45,8,8,68,target_E,A,25
cifar100_relaxed,46,7,7,68,target_E,A,25
cifar100_relaxed,47,13,15,68,target_E,A,25
cifar100_relaxed,48,19,18,68,target_E,A,25
cifar100_relaxed,49,18,19,68,target_E,A,25
cifar100_relaxed,50,8,8,68,target_E,A,25
cifar100_relaxed,51,18,17,68,target_E,A,25
cifar100_relaxed,52,23,24,68,target_E,A,25
cifar100_relaxed,53,19,19,68,target_E,A,25
cifar100_relaxed,54,14,14,68,target_E,A,25
cifar100_relaxed,55,8,8,68,target_E,A,25
cifar100_relaxed,56,20,20,68,target_E,A,25
cifar100_relaxed,57,14,14,68,target_E,A,25
cifar100_relaxed,58,17,17,68,target_E,A,25
cifar100_relaxed,59,13,12,68,target_E,A,25
cifar100_relaxed,60,20,20,68,target_E,A,25
cifar100_relaxed,61,16,17,68,target_E,A,25
cifar100_relaxed,62,16,16,68,target_E,A,25
cifar100_relaxed,63,16,15,68,target_E,A,25
cifar100_relaxed,64,10,10,68,target_E,A,25
cifar100_relaxed,65,8,8,68,target_E,A,25
cifar100_relaxed,66,9,9,68,target_E,A,25
cifar100_relaxed,67,9,9,68,target_E,A,25
cifar100_relaxed,68,20,20,68,target_E,A,25
cifar100_relaxed,69,20,19,68,target_E,A,25
cifar100_relaxed,70,14,14,68,target_E,A,25
cifar100_relaxed,71,19,21,68,target_E,A,25
cifar100_relaxed,72,6,6,68,target_E,A,25
cifar100_relaxed,73,12,12,68,target_E,A,25
cifar100_relaxed,74,11,10,68,target_E,A,25
cifar100_relaxed,75,22,22,68,target_E,A,25
cifar100_relaxed,76,22,22,68,target_E,A,25
cifar100_relaxed,77,10,10,68,target_E,A,25
cifar100_relaxed,78,13,13,68,target_E,A,25
cifar100_relaxed,79,13,13,68,target_E,A,25
cifar100_relaxed,80,11,11,68,target_E,A,25
cifar100_relaxed,81,15,15,68,target_E,A,25
cifar100_relaxed,82,20,20,68,target_E,A,25
cifar100_relaxed,83,8,8,68,target_E,A,25
cifar100_relaxed,84,11,13,68,target_E,A,25
cifar100_relaxed,85,17,17,68,target_E,A,25
cifar100_relaxed,86,20,19,68,target_E,A,25
cifar100_relaxed,87,19,19,68,target_E,A,25
cifar100_relaxed,88,16,17,68,target_E,A,25
cifar100_relaxed,89,15,16,68,target_E,A,25
cifar100_relaxed,90,15,16,68,target_E,A,25
cifar100_relaxed,91,19,19,68,target_E,A,25
cifar100_relaxed,92,11,11,68,target_E,A,25
cifar100_relaxed,93,7,8,68,target_E,A,25
cifar100_relaxed,94,20,20,68,target_E,A,25
cifar100_relaxed,95,14,14,68,target_E,A,25
cifar100_relaxed,96,12,13,68,target_E,A,25
cifar100_relaxed,97,12,11,68,target_E,A,25
cifar100_relaxed,98,9,9,68,target_E,A,25
cifar100_relaxed,99,19,19,68,target_E,A,25
cifar100_relaxed,0,19,20,60,source_F,C,25
cifar100_relaxed,1,14,14,60,source_F,C,25
cifar100_relaxed,2,8,6,60,source_F,C,25
cifar100_relaxed,3,12,9,60,source_F,C,25
cifar100_relaxed,4,9,5,60,source_F,C,25
cifar100_relaxed,5,14,14,60,source_F,C,25
cifar100_relaxed,6,13,12,60,source_F,C,25
cifar100_relaxed,7,13,10,60,source_F,C,25
cifar100_relaxed,8,18,20,60,source_F,C,25
cifar100_relaxed,9,12,15,60,source_F,C,25
cifar100_relaxed,10,11,10,60,source_F,C,25
cifar100_relaxed,11,5,9,60,source_F,C,25
cifar100_relaxed,12,13,14,60,source_F,C,25
cifar100_relaxed,13,11,11,60,source_F,C,25
cifar100_relaxed,14,16,18,60,source_F,C,25
cifar100_relaxed,15,14,13,60,source_F,C,25
cifar100_relaxed,16,16,18,60,source_F,C,25
cifar100_relaxed,17,20,19,60,source_F,C,25
cifar100_relaxed,18,13,13,60,source_F,C,25
cifar100_relaxed,19,11,14,60,source_F,C,25
cifar100_relaxed,20,23,22,60,source_F,C,25
cifar100_relaxed,21,17,21,60,source_F,C,25
cifar100_relaxed,22,17,13,60,source_F,C,25
cifar100_relaxed,23,18,18,60,source_F,C,25
cifar100_relaxed,24,16,14,60,source_F,C,25
cifar100_relaxed,25,11,9,60,source_F,C,25
cifar100_relaxed,26,8,6,60,source_F,C,25
cifar100_relaxed,27,11,11,60,source_F,C,25
cifar100_relaxed,28,15,19,60,source_F,C,25
cifar100_relaxed,29,12,11,60,source_F,C,25
cifar100_relaxed,30,15,18,60,source_F,C,25
cifar100_relaxed,31,21,18,60,source_F,C,25
cifar100_relaxed,32,12,11,60,source_F,C,25
cifar100_relaxed,33,18,16,60,source_F,C,25
cifar100_relaxed,34,14,14,60,source_F,C,25
cifar100_relaxed,35,7,6,60,source_F,C,25
cifar100_relaxed,36,17,17,60,source_F,C,25
cifar100_relaxed,37,14,13,60,source_F,C,25
cifar100_relaxed,38,8,5,60,source_F,C,25
cifar100_relaxed,39,18,19,60,source_F,C,25
cifar100_relaxed,40,15,16,60,source_F,C,25
cifar100_relaxed,41,19,21,60,source_F,C,25
cifar100_relaxed,42,13,12,60,source_F,C,25
cifar100_relaxed,43,18,19,60,source_F,C,25
cifar100_relaxed,44,5,9,60,source_F,C,25
cifar100_relaxed,45,6,7,60,source_F,C,25
cifar100_relaxed,46,10,11,60,source_F,C,25
cifar100_relaxed,47,15,16,60,source_F,C,25
cifar100_relaxed,48,19,19,60,source_F,C,25
cifar100_relaxed,49,19,20,60,source_F,C,25
cifar100_relaxed,50,9,6,60,source_F,C,25
cifar100_relaxed,51,15,12,60,source_F,C,25
cifar100_relaxed,52,18,19,60,source_F,C,25
cifar100_relaxed,53,24,21,60,source_F,C,25
cifar100_relaxed,54,19,19,60,source_F,C,25
cifar100_relaxed,55,3,1,60,source_F,C,25
cifar100_relaxed,56,18,21,60,source_F,C,25
cifar100_relaxed,57,13,13,60,source_F,C,25
cifar100_relaxed,58,17,18,60,source_F,C,25
cifar100_relaxed,59,9,10,60,source_F,C,25
cifar100_relaxed,60,22,21,60,source_F,C,25
cifar100_relaxed,61,18,19,60,source_F,C,25
cifar100_relaxed,62,16,18,60,source_F,C,25
cifar100_relaxed,63,12,12,60,source_F,C,25
cifar100_relaxed,64,15,14,60,source_F,C,25
cifar100_relaxed,65,10,11,60,source_F,C,25
cifar100_relaxed,66,9,11,60,source_F,C,25
cifar100_relaxed,67,15,17,60,source_F,C,25
cifar100_relaxed,68,18,21,60,source_F,C,25
cifar100_relaxed,69,20,21,60,source_F,C,25
cifar100_relaxed,70,15,16,60,source_F,C,25
cifar100_relaxed,71,18,19,60,source_F,C,25
cifar100_relaxed,72,9,5,60,source_F,C,25
cifar100_relaxed,73,10,12,60,source_F,C,25
cifar100_relaxed,74,11,9,60,source_F,C,25
cifar100_relaxed,75,20,21,60,source_F,C,25
cifar100_relaxed,76,22,20,60,source_F,C,25
cifar100_relaxed,77,9,14,60,source_F,C,25
cifar100_relaxed,78,9,11,60,source_F,C,25
cifar100_relaxed,79,14,14,60,source_F,C,25
cifar100_relaxed,80,10,8,60,source_F,C,25
cifar100_relaxed,81,10,8,60,source_F,C,25
cifar100_relaxed,82,21,22,60,source_F,C,25
cifar100_relaxed,83,11,13,60,source_F,C,25
cifar100_relaxed,84,14,13,60,source_F,C,25
cifar100_relaxed,85,18,21,60,source_F,C,25
cifar100_relaxed,86,16,16,60,source_F,C,25
cifar100_relaxed,87,18,18,60,source_F,C,25
cifar100_relaxed,88,15,16,60,source_F,C,25
cifar100_relaxed,89,14,14,60,source_F,C,25
cifar100_relaxed,90,13,13,60,source_F,C,25
cifar100_relaxed,91,17,15,60,source_F,C,25
cifar100_relaxed,92,12,12,60,source_F,C,25
cifar100_relaxed,93,8,7,60,source_F,C,25
cifar100_relaxed,94,22,22,60,source_F,C,25
cifar100_relaxed,95,16,13,60,source_F,C,25
cifar100_relaxed,96,13,12,60,source_F,C,25
cifar100_relaxed,97,11,13,60,source_F,C,25
cifar100_relaxed,98,11,12,60,source_F,C,25
cifar100_relaxed,99,15,19,60,source_F,C,25
cifar100_relaxed,0,19,21,61,source_F,C,25
cifar100_relaxed,1,12,14,61,source_F,C,25
cifar100_relaxed,2,15,9,61,source_F,C,25
cifar100_relaxed,3,12,13,61,source_F,C,25
cifar100_relaxed,4,6,6,61,source_F,C,25
cifar100_relaxed,5,14,13,61,source_F,C,25
cifar100_relaxed,6,14,13,61,source_F,C,25
cifar100_relaxed,7,12,10,61,source_F,C,25
cifar100_relaxed,8,21,19,61,source_F,C,25
cifar100_relaxed,9,12,15,61,source_F,C,25
cifar100_relaxed,10,9,11,61,source_F,C,25
cifar100_relaxed,11,7,7,61,source_F,C,25
cifar100_relaxed,12,13,13,61,source_F,C,25
cifar100_relaxed,13,9,11,61,source_F,C,25
cifar100_relaxed,14,17,16,61,source_F,C,25
cifar100_relaxed,15,13,15,61,source_F,C,25
cifar100_relaxed,16,16,17,61,source_F,C,25
cifar100_relaxed,17,20,18,61,source_F,C,25
cifar100_relaxed,18,13,12,61,source_F,C,25
cifar100_relaxed,19,14,12,61,source_F,C,25
cifar100_relaxed,20,23,20,61,source_F,C,25
cifar100_relaxed,21,18,19,61,source_F,C,25
cifar100_relaxed,22,17,14,61,source_F,C,25
cifar100_relaxed,23,15,20,61,source_F,C,25
cifar100_relaxed,24,19,18,61,source_F,C,25
cifar100_relaxed,25,15,12,61,source_F,C,25
cifar100_relaxed,26,8,7,61,source_F,C,25
cifar100_relaxed,27,7,9,61,source_F,C,25
cifar100_relaxed,28,20,20,61,source_F,C,25
cifar100_relaxed,29,12,11,61,source_F,C,25
cifar100_relaxed,30,13,16,61,source_F,C,25
cifar100_relaxed,31,18,18,61,source_F,C,25
cifar100_relaxed,32,13,10,61,source_F,C,25
cifar100_relaxed,33,17,15,61,source_F,C,25
cifar100_relaxed,34,13,9,61,source_F,C,25
cifar100_relaxed,35,8,7,61,source_F,C,25
cifar100_relaxed,36,18,17,61,source_F,C,25
cifar100_relaxed,37,11,15,61,source_F,C,25
cifar100_relaxed,38,8,9,61,source_F,C,25
cifar100_relaxed,39,18,17,61,source_F,C,25
cifar100_relaxed,40,16,18,61,source_F,C,25
cifar100_relaxed,41,20,23,61,source_F,C,25
cifar100_relaxed,42,15,15,61,source_F,C,25
cifar100_relaxed,43,19,20,61,source_F,C,25
cifar100_relaxed,44,7,5,61,source_F,C,25
cifar100_relaxed,45,7,10,61,source_F,C,25
cifar100_relaxed,46,10,7,61,source_F,C,25
cifar100_relaxed,47,18,15,61,source_F,C,25
cifar100_relaxed,48,19,17,61,source_F,C,25
cifar100_relaxed,49,21,19,61,source_F,C,25
cifar100_relaxed,50,7,8,61,source_F,C,25
cifar100_relaxed,51,9,11,61,source_F,C,25
cifar100_relaxed,52,18,17,61,source_F,C,25
cifar100_relaxed,53,22,20,61,source_F,C,25
cifar100_relaxed,54,17,18,61,source_F,C,25
cifar100_relaxed,55,3,2,61,source_F,C,25
cifar100_relaxed,56,20,22,61,source_F,C,25
cifar100_relaxed,57,11,13,61,source_F,C,25
cifar100_relaxed,58,20,19,61,source_F,C,25
cifar100_relaxed,59,12,14,61,source_F,C,25
cifar100_relaxed,60,21,21,61,source_F,C,25
cifar100_relaxed,61,19,17,61,source_F,C,25
cifar100_relaxed,62,15,13,61,source_F,C,25
cifar100_relaxed,63,13,12,61,source_F,C,25
cifar100_relaxed,64,13,9,61,source_F,C,25
cifar100_relaxed,65,8,8,61,source_F,C,25
cifar100_relaxed,66,9,9,61,source_F,C,25
cifar100_relaxed,67,16,12,61,source_F,C,25
cifar100_relaxed,68,18,18,61,source_F,C,25
cifar100_relaxed,69,19,20,61,source_F,C,25
cifar100_relaxed,70,18,14,61,source_F,C,25
cifar100_relaxed,71,15,19,61,source_F,C,25
cifar100_relaxed,72,6,7,61,source_F,C,25
cifar100_relaxed,73,7,12,61,source_F,C,25
cifar100_relaxed,74,11,9,61,source_F,C,25
cifar100_relaxed,75,20,18,61,source_F,C,25
cifar100_relaxed,76,18,21,61,source_F,C,25
cifar100_relaxed,77,10,11,61,source_F,C,25
cifar100_relaxed,78,8,10,61,source_F,C,25
cifar100_relaxed,79,12,13,61,source_F,C,25
cifar100_relaxed,80,8,11,61,source_F,C,25
cifar100_relaxed,81,13,10,61,source_F,C,25
cifar100_relaxed,82,22,23,61,source_F,C,25
cifar100_relaxed,83,16,16,61,source_F,C,25
cifar100_relaxed,84,13,15,61,source_F,C,25
cifar100_relaxed,85,17,16,61,source_F,C,25
cifar100_relaxed,86,16,16,61,source_F,C,25
cifar100_relaxed,87,14,15,61,source_F,C,25
cifar100_relaxed,88,12,12,61,source_F,C,25
cifar100_relaxed,89,10,13,61,source_F,C,25
cifar100_relaxed,90,12,14,61,source_F,C,25
cifar100_relaxed,91,15,16,61,source_F,C,25
cifar100_relaxed,92,8,11,61,source_F,C,25
cifar100_relaxed,93,10,13,61,source_F,C,25
cifar100_relaxed,94,22,22,61,source_F,C,25
cifar100_relaxed,95,14,15,61,source_F,C,25
cifar100_relaxed,96,13,13,61,source_F,C,25
cifar100_relaxed,97,12,13,61,source_F,C,25
cifar100_relaxed,98,10,10,61,source_F,C,25
cifar100_relaxed,99,13,16,61,source_F,C,25
cifar100_relaxed,0,19,22,62,source_F,C,25
cifar100_relaxed,1,17,16,62,source_F,C,25
cifar100_relaxed,2,9,8,62,source_F,C,25
cifar100_relaxed,3,10,11,62,source_F,C,25
cifar100_relaxed,4,6,7,62,source_F,C,25
cifar100_relaxed,5,12,10,62,source_F,C,25
cifar100_relaxed,6,10,14,62,source_F,C,25
cifar100_relaxed,7,12,11,62,source_F,C,25
cifar100_relaxed,8,20,21,62,source_F,C,25
cifar100_relaxed,9,15,13,62,source_F,C,25
cifar100_relaxed,10,11,12,62,source_F,C,25
cifar100_relaxed,11,5,5,62,source_F,C,25
cifar100_relaxed,12,13,16,62,source_F,C,25
cifar100_relaxed,13,10,10,62,source_F,C,25
cifar100_relaxed,14,11,17,62,source_F,C,25
cifar100_relaxed,15,13,16,62,source_F,C,25
cifar100_relaxed,16,14,15,62,source_F,C,25
cifar100_relaxed,17,18,16,62,source_F,C,25
cifar100_relaxed,18,14,12,62,source_F,C,25
cifar100_relaxed,19,13,14,62,source_F,C,25
cifar100_relaxed,20,20,20,62,source_F,C,25
cifar100_relaxed,21,17,20,62,source_F,C,25
cifar100_relaxed,22,17,17,62,source_F,C,25
cifar100_relaxed,23,17,18,62,source_F,C,25
cifar100_relaxed,24,16,19,62,source_F,C,25
cifar100_relaxed,25,14,13,62,source_F,C,25
cifar100_relaxed,26,11,9,62,source_F,C,25
cifar100_relaxed,27,10,13,62,source_F,C,25
cifar100_relaxed,28,19,16,62,source_F,C,25
cifar100_relaxed,29,13,13,62,source_F,C,25
cifar100_relaxed,30,16,15,62,source_F,C,25
cifar100_relaxed,31,16,17,62,source_F,C,25
cifar100_relaxed,32,8,13,62,source_F,C,25
cifar100_relaxed,33,14,15,62,source_F,C,25
cifar100_relaxed,34,12,12,62,source_F,C,25
cifar100_relaxed,35,7,5,62,source_F,C,25
cifar100_relaxed,36,16,16,62,source_F,C,25
cifar100_relaxed,37,13,16,62,source_F,C,25
cifar100_relaxed,38,11,10,62,source_F,C,25
cifar100_relaxed,39,17,19,62,source_F,C,25
cifar100_relaxed,40,17,17,62,source_F,C,25
cifar100_relaxed,41,21,22,62,source_F,C,25
cifar100_relaxed,42,14,13,62,source_F,C,25
cifar100_relaxed,43,16,21,62,source_F,C,25
cifar100_relaxed,44,8,8,62,source_F,C,25
cifar100_relaxed,45,7,10,62,source_F,C,25
cifar100_relaxed,46,5,8,62,source_F,C,25
cifar100_relaxed,47,15,12,62,source_F,C,25
cifar100_relaxed,48,18,18,62,source_F,C,25
cifar100_relaxed,49,17,21,62,source_F,C,25
cifar100_relaxed,50,7,6,62,source_F,C,25
cifar100_relaxed,51,13,14,62,source_F,C,25
cifar100_relaxed,52,20,19,62,source_F,C,25
cifar100_relaxed,53,19,20,62,source_F,C,25
cifar100_relaxed,54,17,18,62,source_F,C,25
cifar100_relaxed,55,6,3,62,source_F,C,25
cifar100_relaxed,56,19,20,62,source_F,C,25
cifar100_relaxed,57,13,11,62,source_F,C,25
cifar100_relaxed,58,18,17,62,source_F,C,25
cifar100_relaxed,59,15,12,62,source_F,C,25
cifar100_relaxed,60,22,22,62,source_F,C,25
cifar100_relaxed,61,14,14,62,source_F,C,25
cifar100_relaxed,62,17,14,62,source_F,C,25
cifar100_relaxed,63,12,13,62,source_F,C,25
cifar100_relaxed,64,10,8,62,source_F,C,25
cifar100_relaxed,65,13,10,62,source_F,C,25
cifar100_relaxed,66,11,8,62,source_F,C,25
cifar100_relaxed,67,13,11,62,source_F,C,25
cifar100_relaxed,68,20,20,62,source_F,C,25
cifar100_relaxed,69,20,21,62,source_F,C,25
cifar100_relaxed,70,15,16,62,source_F,C,25
cifar100_relaxed,71,16,17,62,source_F,C,25
cifar100_relaxed,72,6,6,62,source_F,C,25
cifar100_relaxed,73,12,11,62,source_F,C,25
cifar100_relaxed,74,12,12,62,source_F,C,25
cifar100_relaxed,75,16,20,62,source_F,C,25
cifar100_relaxed,76,21,22,62,source_F,C,25
cifar100_relaxed,77,14,15,62,source_F,C,25
cifar100_relaxed,78,8,11,62,source_F,C,25
cifar100_relaxed,79,11,13,62,source_F,C,25
cifar100_relaxed,80,13,11,62,source_F,C,25
cifar100_relaxed,81,11,8,62,source_F,C,25
cifar100_relaxed,82,22,22,62,source_F,C,25
cifar100_relaxed,83,13,15,62,source_F,C,25
cifar100_relaxed,84,15,14,62,source_F,C,25
cifar100_relaxed,85,19,17,62,source_F,C,25
cifar100_relaxed,86,20,18,62,source_F,C,25
cifar100_relaxed,87,14,11,62,source_F,C,25
cifar100_relaxed,88,15,13,62,source_F,C,25
cifar100_relaxed,89,17,14,62,source_F,C,25
cifar100_relaxed,90,15,17,62,source_F,C,25
cifar100_relaxed,91,15,18,62,source_F,C,25
cifar100_relaxed,92,10,10,62,source_F,C,25
cifar100_relaxed,93,8,9,62,source_F,C,25
cifar100_relaxed,94,20,21,62,source_F,C,25
cifar100_relaxed,95,12,11,62,source_F,C,25
cifar100_relaxed,96,13,9,62,source_F,C,25
cifar100_relaxed,97,14,12,62,source_F,C,25
cifar100_relaxed,98,14,12,62,source_F,C,25
cifar100_relaxed,99,14,19,62,source_F,C,25
cifar100_relaxed,0,19,20,66,target_E,C,25
cifar100_relaxed,1,13,15,66,target_E,C,25
cifar100_relaxed,2,11,12,66,target_E,C,25
cifar100_relaxed,3,9,9,66,target_E,C,25
cifar100_relaxed,4,6,6,66,target_E,C,25
cifar100_relaxed,5,16,16,66,target_E,C,25
cifar100_relaxed,6,17,19,66,target_E,C,25
cifar100_relaxed,7,13,15,66,target_E,C,25
cifar100_relaxed,8,16,17,66,target_E,C,25
cifar100_relaxed,9,14,14,66,target_E,C,25
cifar100_relaxed,10,11,12,66,target_E,C,25
cifar100_relaxed,11,9,7,66,target_E,C,25
cifar100_relaxed,12,11,11,66,target_E,C,25
cifar100_relaxed,13,9,11,66,target_E,C,25
cifar100_relaxed,14,17,14,66,target_E,C,25
cifar100_relaxed,15,17,16,66,target_E,C,25
cifar100_relaxed,16,19,14,66,target_E,C,25
cifar100_relaxed,17,18,19,66,target_E,C,25
cifar100_relaxed,18,12,14,66,target_E,C,25
cifar100_relaxed,19,11,12,66,target_E,C,25
cifar100_relaxed,20,17,19,66,target_E,C,25
cifar100_relaxed,21,15,14,66,target_E,C,25
cifar100_relaxed,22,6,6,66,target_E,C,25
cifar100_relaxed,23,17,18,66,target_E,C,25
cifar100_relaxed,24,15,15,66,target_E,C,25
cifar100_relaxed,25,8,9,66,target_E,C,25
cifar100_relaxed,26,9,11,66,target_E,C,25
cifar100_relaxed,27,14,11,66,target_E,C,25
cifar100_relaxed,28,18,18,66,target_E,C,25
cifar100_relaxed,29,12,14,66,target_E,C,25
cifar100_relaxed,30,13,13,66,target_E,C,25
cifar100_relaxed,31,10,10,66,target_E,C,25
cifar100_relaxed,32,13,14,66,target_E,C,25
cifar100_relaxed,33,10,13,66,target_E,C,25
cifar100_relaxed,34,11,12,66,target_E,C,25
cifar100_relaxed,35,10,7,66,target_E,C,25
cifar100_relaxed,36,18,17,66,target_E,C,25
cifar100_relaxed,37,14,14,66,target_E,C,25
cifar100_relaxed,38,13,12,66,target_E,C,25
cifar100_relaxed,39,21,22,66,target_E,C,25
cifar100_relaxed,40,14,14,66,target_E,C,25
cifar100_relaxed,41,17,20,66,target_E,C,25
cifar100_relaxed,42,15,15,66,target_E,C,25
cifar100_relaxed,43,12,15,66,target_E,C,25
cifar100_relaxed,44,8,7,66,target_E,C,25
cifar100_relaxed,45,12,10,66,target_E,C,25
cifar100_relaxed,46,9,9,66,target_E,C,25
cifar100_relaxed,47,15,13,66,target_E,C,25
cifar100_relaxed,48,17,17,66,target_E,C,25
cifar100_relaxed,49,17,19,66,target_E,C,25
cifar100_relaxed,50,10,4,66,target_E,C,25
cifar100_relaxed,51,18,18,66,target_E,C,25
cifar100_relaxed,52,17,18,66,target_E,C,25
cifar100_relaxed,53,19,18,66,target_E,C,25
cifar100_relaxed,54,16,18,66,target_E,C,25
cifar100_relaxed,55,8,7,66,target_E,C,25
cifar100_relaxed,56,22,24,66,target_E,C,25
cifar100_relaxed,57,15,18,66,target_E,C,25
cifar100_relaxed,58,16,16,66,target_E,C,25
cifar100_relaxed,59,10,11,66,target_E,C,25
cifar100_relaxed,60,23,20,66,target_E,C,25
cifar100_relaxed,61,15,13,66,target_E,C,25
cifar100_relaxed,62,16,15,66,target_E,C,25
cifar100_relaxed,63,16,15,66,target_E,C,25
cifar100_relaxed,64,10,12,66,target_E,C,25
cifar100_relaxed,65,8,8,66,target_E,C,25
cifar100_relaxed,66,10,11,66,target_E,C,25
cifar100_relaxed,67,12,14,66,target_E,C,25
cifar100_relaxed,68,22,23,66,target_E,C,25
cifar100_relaxed,69,16,18,66,target_E,C,25
cifar100_relaxed,70,13,16,66,target_E,C,25
cifar100_relaxed,71,20,21,66,target_E,C,25
cifar100_relaxed,72,6,6,66,target_E,C,25
cifar100_relaxed,73,12,14,66,target_E,C,25
cifar100_relaxed,74,10,12,66,target_E,C,25
cifar100_relaxed,75,20,22,66,target_E,C,25
cifar100_relaxed,76,24,21,66,target_E,C,25
cifar100_relaxed,77,9,8,66,target_E,C,25
cifar100_relaxed,78,12,11,66,target_E,C,25
cifar100_relaxed,79,13,14,66,target_E,C,25
cifar100_relaxed,80,11,10,66,target_E,C,25
cifar100_relaxed,81,10,15,66,target_E,C,25
cifar100_relaxed,82,17,18,66,target_E,C,25
cifar100_relaxed,83,12,10,66,target_E,C,25
cifar100_relaxed,84,12,13,66,target_E,C,25
cifar100_relaxed,85,19,17,66,target_E,C,25
cifar100_relaxed,86,18,18,66,target_E,C,25
cifar100_relaxed,87,20,19,66,target_E,C,25
cifar100_relaxed,88,17,20,66,target_E,C,25
cifar100_relaxed,89,16,16,66,target_E,C,25
cifar100_relaxed,90,17,17,66,target_E,C,25
cifar100_relaxed,91,18,17,66,target_E,C,25
cifar100_relaxed,92,11,11,66,target_E,C,25
cifar100_relaxed,93,8,10,66,target_E,C,25
cifar100_relaxed,94,21,22,66,target_E,C,25
cifar100_relaxed,95,17,14,66,target_E,C,25
cifar100_relaxed,96,13,13,66,target_E,C,25
cifar100_relaxed,97,15,12,66,target_E,C,25
cifar100_relaxed,98,4,7,66,target_E,C,25
cifar100_relaxed,99,20,18,66,target_E,C,25
cifar100_relaxed,0,21,19,67,target_E,C,25
cifar100_relaxed,1,19,17,67,target_E,C,25
cifar100_relaxed,2,15,12,67,target_E,C,25
cifar100_relaxed,3,7,11,67,target_E,C,25
cifar100_relaxed,4,9,6,67,target_E,C,25
cifar100_relaxed,5,19,17,67,target_E,C,25
cifar100_relaxed,6,17,18,67,target_E,C,25
cifar100_relaxed,7,12,11,67,target_E,C,25
cifar100_relaxed,8,15,16,67,target_E,C,25
cifar100_relaxed,9,13,16,67,target_E,C,25
cifar100_relaxed,10,9,9,67,target_E,C,25
cifar100_relaxed,11,8,9,67,target_E,C,25
cifar100_relaxed,12,13,13,67,target_E,C,25
cifar100_relaxed,13,9,10,67,target_E,C,25
cifar100_relaxed,14,16,15,67,target_E,C,25
cifar100_relaxed,15,12,15,67,target_E,C,25
cifar100_relaxed,16,17,16,67,target_E,C,25
cifar100_relaxed,17,21,19,67,target_E,C,25
cifar100_relaxed,18,12,14,67,target_E,C,25
cifar100_relaxed,19,11,11,67,target_E,C,25
cifar100_relaxed,20,19,20,67,target_E,C,25
cifar100_relaxed,21,15,18,67,target_E,C,25
cifar100_relaxed,22,9,12,67,target_E,C,25
cifar100_relaxed,23,19,15,67,target_E,C,25
cifar100_relaxed,24,16,18,67,target_E,C,25
cifar100_relaxed,25,11,8,67,target_E,C,25
cifar100_relaxed,26,11,8,67,target_E,C,25
cifar100_relaxed,27,12,13,67,target_E,C,25
cifar100_relaxed,28,16,19,67,target_E,C,25
cifar100_relaxed,29,11,14,67,target_E,C,25
cifar100_relaxed,30,15,15,67,target_E,C,25
cifar100_relaxed,31,13,10,67,target_E,C,25
cifar100_relaxed,32,14,11,67,target_E,C,25
cifar100_relaxed,33,11,15,67,target_E,C,25
cifar100_relaxed,34,11,11,67,target_E,C,25
cifar100_relaxed,35,11,7,67,target_E,C,25
cifar100_relaxed,36,19,18,67,target_E,C,25
cifar100_relaxed,37,14,15,67,target_E,C,25
cifar100_relaxed,38,12,12,67,target_E,C,25
cifar100_relaxed,39,21,22,67,target_E,C,25
cifar100_relaxed,40,11,11,67,target_E,C,25
cifar100_relaxed,41,20,22,67,target_E,C,25
cifar100_relaxed,42,11,13,67,target_E,C,25
cifar100_relaxed,43,15,15,67,target_E,C,25
cifar100_relaxed,44,6,6,67,target_E,C,25
cifar100_relaxed,45,10,8,67,target_E,C,25
cifar100_relaxed,46,7,11,67,target_E,C,25
cifar100_relaxed,47,14,13,67,target_E,C,25
cifar100_relaxed,48,17,17,67,target_E,C,25
cifar100_relaxed,49,18,19,67,target_E,C,25
cifar100_relaxed,50,10,5,67,target_E,C,25
cifar100_relaxed,51,17,15,67,target_E,C,25
cifar100_relaxed,52,19,18,67,target_E,C,25
cifar100_relaxed,53,21,21,67,target_E,C,25
cifar100_relaxed,54,17,16,67,target_E,C,25
cifar100_relaxed,55,6,6,67,target_E,C,25
cifar100_relaxed,56,22,23,67,target_E,C,25
cifar100_relaxed,57,14,15,67,target_E,C,25
cifar100_relaxed,58,16,19,67,target_E,C,25
cifar100_relaxed,59,12,9,67,target_E,C,25
cifar100_relaxed,60,20,21,67,target_E,C,25
cifar100_relaxed,61,16,16,67,target_E,C,25
cifar100_relaxed,62,15,18,67,target_E,C,25
cifar100_relaxed,63,14,15,67,target_E,C,25
cifar100_relaxed,64,12,9,67,target_E,C,25
cifar100_relaxed,65,9,9,67,target_E,C,25
cifar100_relaxed,66,8,12,67,target_E,C,25
cifar100_relaxed,67,12,10,67,target_E,C,25
cifar100_relaxed,68,21,22,67,target_E,C,25
cifar100_relaxed,69,17,17,67,target_E,C,25
cifar100_relaxed,70,13,15,67,target_E,C,25
cifar100_relaxed,71,19,18,67,target_E,C,25
cifar100_relaxed,72,7,8,67,target_E,C,25
cifar100_relaxed,73,10,11,67,target_E,C,25
cifar100_relaxed,74,13,11,67,target_E,C,25
cifar100_relaxed,75,20,21,67,target_E,C,25
cifar100_relaxed,76,23,20,67,target_E,C,25
cifar100_relaxed,77,10,12,67,target_E,C,25
cifar100_relaxed,78,11,11,67,target_E,C,25
cifar100_relaxed,79,11,11,67,target_E,C,25
cifar100_relaxed,80,11,8,67,target_E,C,25
cifar100_relaxed,81,16,16,67,target_E,C,25
cifar100_relaxed,82,18,18,67,target_E,C,25
cifar100_relaxed,83,10,13,67,target_E,C,25
cifar100_relaxed,84,14,14,67,target_E,C,25
cifar100_relaxed,85,14,17,67,target_E,C,25
cifar100_relaxed,86,17,15,67,target_E,C,25
cifar100_relaxed,87,16,19,67,target_E,C,25
cifar100_relaxed,88,17,18,67,target_E,C,25
cifar100_relaxed,89,16,17,67,target_E,C,25
cifar100_relaxed,90,14,16,67,target_E,C,25
cifar100_relaxed,91,16,16,67,target_E,C,25
cifar100_relaxed,92,8,7,67,target_E,C,25
cifar100_relaxed,93,8,11,67,target_E,C,25
cifar100_relaxed,94,21,22,67,target_E,C,25
cifar100_relaxed,95,14,14,67,target_E,C,25
cifar100_relaxed,96,13,15,67,target_E,C,25
cifar100_relaxed,97,13,14,67,target_E,C,25
cifar100_relaxed,98,7,8,67,target_E,C,25
cifar100_relaxed,99,17,17,67,target_E,C,25
cifar100_relaxed,0,21,21,68,target_E,C,25
cifar100_relaxed,1,17,15,68,target_E,C,25
cifar100_relaxed,2,12,11,68,target_E,C,25
cifar100_relaxed,3,9,7,68,target_E,C,25
cifar100_relaxed,4,7,7,68,target_E,C,25
cifar100_relaxed,5,18,18,68,target_E,C,25
cifar100_relaxed,6,18,16,68,target_E,C,25
cifar100_relaxed,7,12,13,68,target_E,C,25
cifar100_relaxed,8,16,19,68,target_E,C,25
cifar100_relaxed,9,15,15,68,target_E,C,25
cifar100_relaxed,10,12,12,68,target_E,C,25
cifar100_relaxed,11,8,7,68,target_E,C,25
cifar100_relaxed,12,12,12,68,target_E,C,25
cifar100_relaxed,13,12,12,68,target_E,C,25
cifar100_relaxed,14,16,13,68,target_E,C,25
cifar100_relaxed,15,15,19,68,target_E,C,25
cifar100_relaxed,16,16,16,68,target_E,C,25
cifar100_relaxed,17,17,18,68,target_E,C,25
cifar100_relaxed,18,12,13,68,target_E,C,25
cifar100_relaxed,19,14,13,68,target_E,C,25
cifar100_relaxed,20,18,18,68,target_E,C,25
cifar100_relaxed,21,18,17,68,target_E,C,25
cifar100_relaxed,22,15,11,68,target_E,C,25
cifar100_relaxed,23,18,19,68,target_E,C,25
cifar100_relaxed,24,17,18,68,target_E,C,25
cifar100_relaxed,25,10,9,68,target_E,C,25
cifar100_relaxed,26,11,14,68,target_E,C,25
cifar100_relaxed,27,8,8,68,target_E,C,25
cifar100_relaxed,28,17,20,68,target_E,C,25
cifar100_relaxed,29,12,15,68,target_E,C,25
cifar100_relaxed,30,16,14,68,target_E,C,25
cifar100_relaxed,31,13,13,68,target_E,C,25
cifar100_relaxed,32,13,13,68,target_E,C,25
cifar100_relaxed,33,13,13,68,target_E,C,25
cifar100_relaxed,34,14,15,68,target_E,C,25
cifar100_relaxed,35,11,2,68,target_E,C,25
cifar100_relaxed,36,19,19,68,target_E,C,25
cifar100_relaxed,37,17,17,68,target_E,C,25
cifar100_relaxed,38,10,11,68,target_E,C,25
cifar100_relaxed,39,20,21,68,target_E,C,25
cifar100_relaxed,40,13,12,68,target_E,C,25
cifar100_relaxed,41,17,19,68,target_E,C,25
cifar100_relaxed,42,12,14,68,target_E,C,25
cifar100_relaxed,43,15,17,68,target_E,C,25
cifar100_relaxed,44,7,4,68,target_E,C,25
cifar100_relaxed,45,8,7,68,target_E,C,25
cifar100_relaxed,46,7,7,68,target_E,C,25
cifar100_relaxed,47,13,16,68,target_E,C,25
cifar100_relaxed,48,19,19,68,target_E,C,25
cifar100_relaxed,49,18,20,68,target_E,C,25
cifar100_relaxed,50,8,5,68,target_E,C,25
cifar100_relaxed,51,18,17,68,target_E,C,25
cifar100_relaxed,52,23,21,68,target_E,C,25
cifar100_relaxed,53,19,22,68,target_E,C,25
cifar100_relaxed,54,14,14,68,target_E,C,25
cifar100_relaxed,55,8,8,68,target_E,C,25
cifar100_relaxed,56,20,22,68,target_E,C,25
cifar100_relaxed,57,14,14,68,target_E,C,25
cifar100_relaxed,58,17,18,68,target_E,C,25
cifar100_relaxed,59,13,8,68,target_E,C,25
cifar100_relaxed,60,20,20,68,target_E,C,25
cifar100_relaxed,61,16,13,68,target_E,C,25
cifar100_relaxed,62,16,13,68,target_E,C,25
cifar100_relaxed,63,16,13,68,target_E,C,25
cifar100_relaxed,64,10,12,68,target_E,C,25
cifar100_relaxed,65,8,9,68,target_E,C,25
cifar100_relaxed,66,9,11,68,target_E,C,25
cifar100_relaxed,67,9,11,68,target_E,C,25
cifar100_relaxed,68,20,22,68,target_E,C,25
cifar100_relaxed,69,20,18,68,target_E,C,25
cifar100_relaxed,70,14,12,68,target_E,C,25
cifar100_relaxed,71,19,18,68,target_E,C,25
cifar100_relaxed,72,6,10,68,target_E,C,25
cifar100_relaxed,73,12,10,68,target_E,C,25
cifar100_relaxed,74,11,9,68,target_E,C,25
cifar100_relaxed,75,22,23,68,target_E,C,25
cifar100_relaxed,76,22,20,68,target_E,C,25
cifar100_relaxed,77,10,12,68,target_E,C,25
cifar100_relaxed,78,13,13,68,target_E,C,25
cifar100_relaxed,79,13,12,68,target_E,C,25
cifar100_relaxed,80,11,10,68,target_E,C,25
cifar100_relaxed,81,15,14,68,target_E,C,25
cifar100_relaxed,82,20,18,68,target_E,C,25
cifar100_relaxed,83,8,9,68,target_E,C,25
cifar100_relaxed,84,11,15,68,target_E,C,25
cifar100_relaxed,85,17,16,68,target_E,C,25
cifar100_relaxed,86,20,17,68,target_E,C,25
cifar100_relaxed,87,19,19,68,target_E,C,25
cifar100_relaxed,88,16,18,68,target_E,C,25
cifar100_relaxed,89,15,15,68,target_E,C,25
cifar100_relaxed,90,15,17,68,target_E,C,25
cifar100_relaxed,91,19,19,68,target_E,C,25
cifar100_relaxed,92,11,10,68,target_E,C,25
cifar100_relaxed,93,7,10,68,target_E,C,25
cifar100_relaxed,94,20,21,68,target_E,C,25
cifar100_relaxed,95,14,11,68,target_E,C,25
cifar100_relaxed,96,12,14,68,target_E,C,25
cifar100_relaxed,97,12,13,68,target_E,C,25
cifar100_relaxed,98,9,10,68,target_E,C,25
cifar100_relaxed,99,19,17,68,target_E,C,25
